-- Filtered Data Import from Remote Database
-- Created: 2025-07-29
-- WARNING: DO NOT RUN THIS MANUALLY - USER WILL RUN WHEN READY

BEGIN;

-- Disable triggers to prevent FK constraint issues during import
SET session_replication_role = replica;


-- Data for table: profiles
-- Data for Name: profiles; Type: TABLE DATA; Schema: public; Owner: postgres

--

INSERT INTO public.profiles (id, email, full_name, role, is_admin, has_completed_tax_profile, created_at, updated_at) VALUES ('66354160-ada7-4e40-a5c1-96336c8fd873', 'bendyches@gmail.com', '', 'user', false, false, '2025-04-21 11:29:27.431+00', '2025-04-21 11:29:27.565497+00');
INSERT INTO public.profiles (id, email, full_name, role, is_admin, has_completed_tax_profile, created_at, updated_at) VALUES ('232bac5a-4293-4fcf-b0aa-9f1889eedc5d', 'demo.client@example.com', NULL, 'user', false, false, '2025-05-05 11:39:51.581108+00', '2025-05-05 11:39:51.581108+00');
INSERT INTO public.profiles (id, email, full_name, role, is_admin, has_completed_tax_profile, created_at, updated_at) VALUES ('cbd5c605-2b3c-4358-a301-64c4e05d2edc', 'admin@taxrxgroup.com', NULL, 'admin', true, false, '2025-05-05 15:09:14.137266+00', '2025-05-15 16:27:54.677236+00');


--

-- Data for table: admin_client_files
-- Data for Name: admin_client_files; Type: TABLE DATA; Schema: public; Owner: postgres

--

INSERT INTO public.admin_client_files (id, client_id, admin_id, affiliate_id, status, created_at, updated_at, tax_profile_data, last_calculation_date, projected_savings, archived, archived_at, business_id, ordinary_k1_income, guaranteed_k1_income, household_income, business_annual_revenue, email, full_name, phone, filing_status, dependents, home_address, state, wages_income, passive_income, unearned_income, capital_gains, custom_deduction, business_owner, business_name, entity_type, business_address, standard_deduction) VALUES ('31342fce-8c0e-423c-bc36-984b50b1ad0a', NULL, 'cbd5c605-2b3c-4358-a301-64c4e05d2edc', NULL, 'active', '2025-06-30 18:05:24.562', '2025-06-30 21:32:36.799', '{"email": "austinmcmurphydmd@gmail.com", "phone": "", "state": "LA", "company": "McMurphy Pediatric Dentistry", "full_name": "Austin McMurphy", "dependents": 2, "entity_type": "LLC", "home_address": "", "wages_income": 200000, "annual_income": 500000, "business_name": "McMurphy Pediatric Dentistry", "capital_gains": 0, "filing_status": "married_joint", "business_owner": true, "passive_income": 0, "unearned_income": 0, "business_address": "", "custom_deduction": 0, "household_income": 500000, "ordinary_k1_income": 500000, "standard_deduction": true, "guaranteed_k1_income": 0, "deduction_limit_reached": false}', '2025-06-30 18:05:24.562', 0.00, true, '2025-06-30 21:32:36.799+00', NULL, 0.00, 0.00, 0.00, 0.00, NULL, NULL, NULL, NULL, NULL, NULL, NULL, NULL, NULL, NULL, NULL, NULL, NULL, NULL, NULL, NULL, NULL);
INSERT INTO public.admin_client_files (id, client_id, admin_id, affiliate_id, status, created_at, updated_at, tax_profile_data, last_calculation_date, projected_savings, archived, archived_at, business_id, ordinary_k1_income, guaranteed_k1_income, household_income, business_annual_revenue, email, full_name, phone, filing_status, dependents, home_address, state, wages_income, passive_income, unearned_income, capital_gains, custom_deduction, business_owner, business_name, entity_type, business_address, standard_deduction) VALUES ('c67d432b-2cc6-4435-9e2e-6ace5981b911', NULL, 'cbd5c605-2b3c-4358-a301-64c4e05d2edc', NULL, 'active', '2025-07-01 18:50:09.959318', '2025-07-01 18:50:09.959318', '{"email": "bendyches@gmail.com", "phone": null, "state": "UT", "fullName": "Beckett Dyches", "dependents": 0, "entityType": null, "homeAddress": null, "wagesIncome": 0, "businessName": null, "capitalGains": 0, "filingStatus": "Married", "businessOwner": false, "passiveIncome": 0, "unearnedIncome": 0, "businessAddress": null, "customDeduction": 0, "householdIncome": 0, "ordinaryK1Income": 0, "standardDeduction": true, "guaranteedK1Income": 0, "businessAnnualRevenue": 0}', NULL, NULL, false, NULL, NULL, 0.00, 0.00, 0.00, 0.00, 'bendyches@gmail.com', 'Beckett Dyches', NULL, 'Married', 0, NULL, 'UT', 0, 0, 0, 0, 0, false, NULL, NULL, NULL, true);
INSERT INTO public.admin_client_files (id, client_id, admin_id, affiliate_id, status, created_at, updated_at, tax_profile_data, last_calculation_date, projected_savings, archived, archived_at, business_id, ordinary_k1_income, guaranteed_k1_income, household_income, business_annual_revenue, email, full_name, phone, filing_status, dependents, home_address, state, wages_income, passive_income, unearned_income, capital_gains, custom_deduction, business_owner, business_name, entity_type, business_address, standard_deduction) VALUES ('250a9dd8-ba59-4ef1-ab32-706b577244f2', NULL, 'cbd5c605-2b3c-4358-a301-64c4e05d2edc', NULL, 'active', '2025-07-01 20:39:33.109999', '2025-07-01 20:39:33.109999', '{"email": "bendyches@gmail.com", "phone": null, "state": "UT", "fullName": "Todd Petersen", "dependents": 3, "entityType": null, "homeAddress": null, "wagesIncome": 0, "businessName": null, "capitalGains": 0, "filingStatus": "Married", "businessOwner": true, "passiveIncome": 0, "unearnedIncome": 0, "businessAddress": null, "customDeduction": 0, "householdIncome": 0, "ordinaryK1Income": 0, "standardDeduction": true, "guaranteedK1Income": 0, "businessAnnualRevenue": 0}', NULL, NULL, false, NULL, NULL, 0.00, 0.00, 0.00, 0.00, 'bendyches@gmail.com', 'Todd Petersen', NULL, 'Married', 3, NULL, 'UT', 0, 0, 0, 0, 0, true, NULL, NULL, NULL, true);
INSERT INTO public.admin_client_files (id, client_id, admin_id, affiliate_id, status, created_at, updated_at, tax_profile_data, last_calculation_date, projected_savings, archived, archived_at, business_id, ordinary_k1_income, guaranteed_k1_income, household_income, business_annual_revenue, email, full_name, phone, filing_status, dependents, home_address, state, wages_income, passive_income, unearned_income, capital_gains, custom_deduction, business_owner, business_name, entity_type, business_address, standard_deduction) VALUES ('df3c6913-728b-4859-a5dd-ac8c1605709f', NULL, NULL, NULL, 'active', '2025-07-01 20:45:47.041215', '2025-07-01 20:45:47.134626', '{"businesses": [], "personal_years": [{"year": 2025, "k1_income": 0, "wages_income": 500000, "capital_gains": 0, "passive_income": 0, "unearned_income": 0, "custom_deduction": 0, "standard_deduction": 0}]}', NULL, NULL, false, NULL, NULL, 0.00, 0.00, 0.00, 0.00, 'elli@erer.com', 'Ellie Bentley', '8014038442', 'Married', 2, NULL, 'UT', 0, 0, 0, 0, 0, true, NULL, NULL, NULL, true);
INSERT INTO public.admin_client_files (id, client_id, admin_id, affiliate_id, status, created_at, updated_at, tax_profile_data, last_calculation_date, projected_savings, archived, archived_at, business_id, ordinary_k1_income, guaranteed_k1_income, household_income, business_annual_revenue, email, full_name, phone, filing_status, dependents, home_address, state, wages_income, passive_income, unearned_income, capital_gains, custom_deduction, business_owner, business_name, entity_type, business_address, standard_deduction) VALUES ('a8882eaa-34c4-4210-9c9e-f869cb0b9177', NULL, NULL, NULL, 'active', '2025-07-01 21:00:19.696855', '2025-07-01 21:00:19.850447', '{"businesses": [], "personal_years": [{"year": 2025, "k1_income": 0, "wages_income": 250000, "capital_gains": 0, "passive_income": 0, "unearned_income": 0, "custom_deduction": 0, "standard_deduction": 0}]}', NULL, NULL, false, NULL, NULL, 0.00, 0.00, 0.00, 0.00, 'mrstickers', 'Jackson Bentley', '8014038442', 'Married', 2, NULL, 'UT', 250000, 0, 0, 0, 0, true, NULL, NULL, NULL, true);
INSERT INTO public.admin_client_files (id, client_id, admin_id, affiliate_id, status, created_at, updated_at, tax_profile_data, last_calculation_date, projected_savings, archived, archived_at, business_id, ordinary_k1_income, guaranteed_k1_income, household_income, business_annual_revenue, email, full_name, phone, filing_status, dependents, home_address, state, wages_income, passive_income, unearned_income, capital_gains, custom_deduction, business_owner, business_name, entity_type, business_address, standard_deduction) VALUES ('d2eb6e5f-979a-45fe-9f5c-8f83cfeb1e4c', NULL, NULL, NULL, 'active', '2025-07-01 21:11:00.577505', '2025-07-01 21:11:00.676005', '{"businesses": [], "personal_years": [{"year": 2025, "k1_income": 0, "wages_income": 250000, "capital_gains": 0, "passive_income": 0, "unearned_income": 0, "custom_deduction": 0, "standard_deduction": 0}], "household_income": 250000}', NULL, NULL, false, NULL, NULL, 0.00, 0.00, 250000.00, 0.00, 'btd@aegislion.com', 'Minnie Dyches', '8014038442', 'Married', 5, NULL, 'UT', 250000, 0, 0, 0, 0, false, NULL, NULL, NULL, true);
INSERT INTO public.admin_client_files (id, client_id, admin_id, affiliate_id, status, created_at, updated_at, tax_profile_data, last_calculation_date, projected_savings, archived, archived_at, business_id, ordinary_k1_income, guaranteed_k1_income, household_income, business_annual_revenue, email, full_name, phone, filing_status, dependents, home_address, state, wages_income, passive_income, unearned_income, capital_gains, custom_deduction, business_owner, business_name, entity_type, business_address, standard_deduction) VALUES ('d2d2547e-67bb-4dd9-9968-b1c6e7b4c00d', NULL, NULL, NULL, 'active', '2025-07-01 21:14:41.146188', '2025-07-01 21:14:41.345269', '{"businesses": [{"ein": "12-3123123", "industry": "Construction", "entity_type": "S-Corp", "business_zip": "84606", "business_city": "Provo", "business_name": "Windows", "annual_revenue": 100000, "business_email": "ben@drtaxcredit.com", "business_phone": "12323123123", "business_state": "UT", "business_years": [{"year": 2025, "is_active": true, "annual_revenue": 0, "employee_count": 0, "ordinary_k1_income": 100000, "guaranteed_k1_income": 10000}], "employee_count": 10, "business_address": "390 East Center Street", "year_established": 2025}], "personal_years": [{"year": 2025, "k1_income": 0, "wages_income": 100000, "capital_gains": 10000, "passive_income": 10000, "unearned_income": 10000, "custom_deduction": 0, "standard_deduction": 0}], "household_income": 130000}', NULL, NULL, false, NULL, NULL, 0.00, 0.00, 130000.00, 0.00, 'gobs', 'Gavin Bentley-Dyches', '801234443', 'Married', 1, NULL, 'UT', 100000, 10000, 10000, 10000, 0, true, NULL, NULL, NULL, true);
INSERT INTO public.admin_client_files (id, client_id, admin_id, affiliate_id, status, created_at, updated_at, tax_profile_data, last_calculation_date, projected_savings, archived, archived_at, business_id, ordinary_k1_income, guaranteed_k1_income, household_income, business_annual_revenue, email, full_name, phone, filing_status, dependents, home_address, state, wages_income, passive_income, unearned_income, capital_gains, custom_deduction, business_owner, business_name, entity_type, business_address, standard_deduction) VALUES ('8b81a809-c4af-448c-97ad-62ba92159e70', NULL, 'cbd5c605-2b3c-4358-a301-64c4e05d2edc', NULL, 'active', '2025-07-03 15:46:00.257736', '2025-07-03 15:46:00.257736', '{}', NULL, NULL, false, NULL, '2b98f03b-a2cc-4e79-97fd-0e8c4e47156c', 0.00, 0.00, 0.00, 0.00, 'ellie@gmail.com', 'Ellie Dyches', '2134321234', 'married_joint', 3, '1293 North Oak Hills Circle', 'ID', 0, 0, 0, 0, 0, false, NULL, NULL, NULL, true);
INSERT INTO public.admin_client_files (id, client_id, admin_id, affiliate_id, status, created_at, updated_at, tax_profile_data, last_calculation_date, projected_savings, archived, archived_at, business_id, ordinary_k1_income, guaranteed_k1_income, household_income, business_annual_revenue, email, full_name, phone, filing_status, dependents, home_address, state, wages_income, passive_income, unearned_income, capital_gains, custom_deduction, business_owner, business_name, entity_type, business_address, standard_deduction) VALUES ('1a9e91fc-f4d8-4c6c-a726-7b5628c5207c', NULL, 'cbd5c605-2b3c-4358-a301-64c4e05d2edc', NULL, 'active', '2025-07-16 23:46:44.193578', '2025-07-16 23:46:44.193578', '{"email": "coronasmiles@sbcglobal.net", "phone": "", "state": "", "fullName": "Shital Patel", "dependents": 0, "homeAddress": "", "filingStatus": "married_joint", "customDeduction": 0, "standardDeduction": true}', NULL, NULL, false, NULL, 'e3f189b4-e5a2-4e22-b06b-4313d529ad87', 0.00, 0.00, 0.00, 0.00, 'coronasmiles@sbcglobal.net', 'Shital Patel', '', 'married_joint', 0, '', '', NULL, NULL, NULL, NULL, 0, NULL, NULL, NULL, NULL, true);
INSERT INTO public.admin_client_files (id, client_id, admin_id, affiliate_id, status, created_at, updated_at, tax_profile_data, last_calculation_date, projected_savings, archived, archived_at, business_id, ordinary_k1_income, guaranteed_k1_income, household_income, business_annual_revenue, email, full_name, phone, filing_status, dependents, home_address, state, wages_income, passive_income, unearned_income, capital_gains, custom_deduction, business_owner, business_name, entity_type, business_address, standard_deduction) VALUES ('4d421d8e-7bf8-44ea-8da7-a3382cb39b6b', NULL, 'cbd5c605-2b3c-4358-a301-64c4e05d2edc', NULL, 'active', '2025-07-17 17:28:01.557197', '2025-07-17 17:28:01.557197', '{"email": "rosvall1@gmail.com", "phone": "", "state": "", "fullName": "Michael Rosvall", "dependents": 5, "homeAddress": "", "filingStatus": "married_joint", "customDeduction": 0, "standardDeduction": true}', NULL, NULL, false, NULL, '3d31dca3-d014-43ae-97a1-211c70ad2e97', 0.00, 0.00, 0.00, 0.00, 'rosvall1@gmail.com', 'Michael Rosvall', '', 'married_joint', 5, '', '', NULL, NULL, NULL, NULL, 0, NULL, NULL, NULL, NULL, true);
INSERT INTO public.admin_client_files (id, client_id, admin_id, affiliate_id, status, created_at, updated_at, tax_profile_data, last_calculation_date, projected_savings, archived, archived_at, business_id, ordinary_k1_income, guaranteed_k1_income, household_income, business_annual_revenue, email, full_name, phone, filing_status, dependents, home_address, state, wages_income, passive_income, unearned_income, capital_gains, custom_deduction, business_owner, business_name, entity_type, business_address, standard_deduction) VALUES ('bd2dcfec-2f15-45e4-83c0-ce9f7c52ef73', NULL, 'cbd5c605-2b3c-4358-a301-64c4e05d2edc', NULL, 'active', '2025-07-17 20:59:54.252238', '2025-07-17 20:59:54.252238', '{"email": "ericka_mac7@yahoo.com", "phone": null, "state": "AZ", "fullName": "Robert MacDonald", "dependents": 3, "homeAddress": null, "filingStatus": "married_joint", "customDeduction": 0, "standardDeduction": true}', NULL, NULL, false, NULL, '600a1088-5e8d-41fd-84cb-2670cc9b568c', 0.00, 0.00, 0.00, 0.00, 'ericka_mac7@yahoo.com', 'Robert MacDonald', NULL, 'married_joint', 3, NULL, 'AZ', NULL, NULL, NULL, NULL, 0, NULL, NULL, NULL, NULL, true);
INSERT INTO public.admin_client_files (id, client_id, admin_id, affiliate_id, status, created_at, updated_at, tax_profile_data, last_calculation_date, projected_savings, archived, archived_at, business_id, ordinary_k1_income, guaranteed_k1_income, household_income, business_annual_revenue, email, full_name, phone, filing_status, dependents, home_address, state, wages_income, passive_income, unearned_income, capital_gains, custom_deduction, business_owner, business_name, entity_type, business_address, standard_deduction) VALUES ('dce2e99a-ae77-4d90-a11c-ed898bff624f', NULL, 'cbd5c605-2b3c-4358-a301-64c4e05d2edc', NULL, 'active', '2025-07-18 19:00:15.41972', '2025-07-18 19:00:15.41972', '{"email": "dr.mortensen@gmail.com", "phone": null, "state": null, "fullName": "Micah Mortenson", "dependents": 4, "homeAddress": null, "filingStatus": "married_joint", "customDeduction": 0, "standardDeduction": true}', NULL, NULL, false, NULL, 'b4822586-f26b-4608-b51d-ab4e46797c37', 0.00, 0.00, 0.00, 0.00, 'dr.mortensen@gmail.com', 'Micah Mortenson', NULL, 'married_joint', 4, NULL, NULL, NULL, NULL, NULL, NULL, 0, NULL, NULL, NULL, NULL, true);
INSERT INTO public.admin_client_files (id, client_id, admin_id, affiliate_id, status, created_at, updated_at, tax_profile_data, last_calculation_date, projected_savings, archived, archived_at, business_id, ordinary_k1_income, guaranteed_k1_income, household_income, business_annual_revenue, email, full_name, phone, filing_status, dependents, home_address, state, wages_income, passive_income, unearned_income, capital_gains, custom_deduction, business_owner, business_name, entity_type, business_address, standard_deduction) VALUES ('1300de7c-22a9-4753-b8fe-b32ebf974413', NULL, 'cbd5c605-2b3c-4358-a301-64c4e05d2edc', NULL, 'active', '2025-07-22 16:15:46.66809', '2025-07-22 16:15:46.66809', '{"email": "sumangorantla@hotmail.com", "phone": null, "state": "KS", "fullName": "Suman Gorantla", "dependents": 3, "homeAddress": null, "filingStatus": "married_joint", "customDeduction": 0, "standardDeduction": true}', NULL, NULL, false, NULL, '1048da75-727c-498e-a536-edd128485836', 0.00, 0.00, 0.00, 0.00, 'sumangorantla@hotmail.com', 'Suman Gorantla', NULL, 'married_joint', 3, NULL, 'KS', NULL, NULL, NULL, NULL, 0, NULL, NULL, NULL, NULL, true);
INSERT INTO public.admin_client_files (id, client_id, admin_id, affiliate_id, status, created_at, updated_at, tax_profile_data, last_calculation_date, projected_savings, archived, archived_at, business_id, ordinary_k1_income, guaranteed_k1_income, household_income, business_annual_revenue, email, full_name, phone, filing_status, dependents, home_address, state, wages_income, passive_income, unearned_income, capital_gains, custom_deduction, business_owner, business_name, entity_type, business_address, standard_deduction) VALUES ('2d9196d9-059b-4797-a0e0-8fc2a093c491', NULL, 'cbd5c605-2b3c-4358-a301-64c4e05d2edc', NULL, 'active', '2025-07-23 14:48:43.237808', '2025-07-23 14:48:43.237808', '{"email": "toothfoundation1@gmail.com", "phone": null, "state": "CA", "fullName": "Karen Liu", "dependents": 0, "homeAddress": null, "filingStatus": "married_joint", "customDeduction": 0, "standardDeduction": true}', NULL, NULL, false, NULL, 'a3e01643-3aa0-4cd6-b251-07ef16100cf2', 0.00, 0.00, 0.00, 0.00, 'toothfoundation1@gmail.com', 'Karen Liu', NULL, 'married_joint', 0, NULL, 'CA', NULL, NULL, NULL, NULL, 0, NULL, NULL, NULL, NULL, true);
INSERT INTO public.admin_client_files (id, client_id, admin_id, affiliate_id, status, created_at, updated_at, tax_profile_data, last_calculation_date, projected_savings, archived, archived_at, business_id, ordinary_k1_income, guaranteed_k1_income, household_income, business_annual_revenue, email, full_name, phone, filing_status, dependents, home_address, state, wages_income, passive_income, unearned_income, capital_gains, custom_deduction, business_owner, business_name, entity_type, business_address, standard_deduction) VALUES ('eba6dae5-c5f3-4e60-bb7d-53aba48be9c5', NULL, 'cbd5c605-2b3c-4358-a301-64c4e05d2edc', NULL, 'active', '2025-07-23 16:26:29.989404', '2025-07-23 16:26:29.989404', '{"email": "drsrice@gmail.com", "phone": null, "state": "CA", "fullName": "Scott Rice", "dependents": 0, "homeAddress": null, "filingStatus": "married_joint", "customDeduction": 0, "standardDeduction": true}', NULL, NULL, false, NULL, 'bc4458da-e5ec-403a-85e1-490386a40c75', 0.00, 0.00, 0.00, 0.00, 'drsrice@gmail.com', 'Scott Rice', NULL, 'married_joint', 0, NULL, 'CA', NULL, NULL, NULL, NULL, 0, NULL, NULL, NULL, NULL, true);
INSERT INTO public.admin_client_files (id, client_id, admin_id, affiliate_id, status, created_at, updated_at, tax_profile_data, last_calculation_date, projected_savings, archived, archived_at, business_id, ordinary_k1_income, guaranteed_k1_income, household_income, business_annual_revenue, email, full_name, phone, filing_status, dependents, home_address, state, wages_income, passive_income, unearned_income, capital_gains, custom_deduction, business_owner, business_name, entity_type, business_address, standard_deduction) VALUES ('bc673c80-3875-4681-bd60-8835aecdc802', NULL, 'cbd5c605-2b3c-4358-a301-64c4e05d2edc', NULL, 'active', '2025-07-23 18:19:16.861413', '2025-07-23 18:19:16.861413', '{"email": "ben.friberg@gmail.com", "phone": null, "state": "NC", "fullName": "Ben Friberg", "dependents": 2, "homeAddress": null, "filingStatus": "married_joint", "customDeduction": 0, "standardDeduction": true}', NULL, NULL, false, NULL, '04bd6120-d27d-45a3-ba33-b65fdc3a1461', 0.00, 0.00, 0.00, 0.00, 'ben.friberg@gmail.com', 'Ben Friberg', NULL, 'married_joint', 2, NULL, 'NC', NULL, NULL, NULL, NULL, 0, NULL, NULL, NULL, NULL, true);
INSERT INTO public.admin_client_files (id, client_id, admin_id, affiliate_id, status, created_at, updated_at, tax_profile_data, last_calculation_date, projected_savings, archived, archived_at, business_id, ordinary_k1_income, guaranteed_k1_income, household_income, business_annual_revenue, email, full_name, phone, filing_status, dependents, home_address, state, wages_income, passive_income, unearned_income, capital_gains, custom_deduction, business_owner, business_name, entity_type, business_address, standard_deduction) VALUES ('90830e88-8084-483f-9525-104a1464a61d', NULL, 'cbd5c605-2b3c-4358-a301-64c4e05d2edc', NULL, 'active', '2025-07-23 19:28:42.82177', '2025-07-23 19:28:42.82177', '{"email": "christeeters@gmail.com", "phone": null, "state": "AZ", "fullName": "Chris Teeters", "dependents": 4, "homeAddress": "7505 W. Deer Valley Rd. #120", "filingStatus": "married_joint", "customDeduction": 0, "standardDeduction": true}', NULL, NULL, false, NULL, '43cf7dff-2cad-4d8c-b776-fc0b0dcbfb8e', 0.00, 0.00, 0.00, 0.00, 'christeeters@gmail.com', 'Chris Teeters', NULL, 'married_joint', 4, '7505 W. Deer Valley Rd. #120', 'AZ', NULL, NULL, NULL, NULL, 0, NULL, NULL, NULL, NULL, true);
INSERT INTO public.admin_client_files (id, client_id, admin_id, affiliate_id, status, created_at, updated_at, tax_profile_data, last_calculation_date, projected_savings, archived, archived_at, business_id, ordinary_k1_income, guaranteed_k1_income, household_income, business_annual_revenue, email, full_name, phone, filing_status, dependents, home_address, state, wages_income, passive_income, unearned_income, capital_gains, custom_deduction, business_owner, business_name, entity_type, business_address, standard_deduction) VALUES ('5a0d27b2-968d-404d-b9ba-13599d691613', NULL, 'cbd5c605-2b3c-4358-a301-64c4e05d2edc', NULL, 'active', '2025-07-24 21:43:19.465331', '2025-07-24 21:43:19.465331', '{"email": "whamilton@nationalprocessing.com", "phone": null, "state": "UT", "fullName": "Wayne Hamiltion", "dependents": 4, "homeAddress": null, "filingStatus": "married_joint", "customDeduction": 0, "standardDeduction": true}', NULL, NULL, false, NULL, 'f7f6b107-cfe4-4a7c-8d26-caf41b381233', 0.00, 0.00, 0.00, 0.00, 'whamilton@nationalprocessing.com', 'Wayne Hamiltion', NULL, 'married_joint', 4, NULL, 'UT', NULL, NULL, NULL, NULL, 0, NULL, NULL, NULL, NULL, true);
INSERT INTO public.admin_client_files (id, client_id, admin_id, affiliate_id, status, created_at, updated_at, tax_profile_data, last_calculation_date, projected_savings, archived, archived_at, business_id, ordinary_k1_income, guaranteed_k1_income, household_income, business_annual_revenue, email, full_name, phone, filing_status, dependents, home_address, state, wages_income, passive_income, unearned_income, capital_gains, custom_deduction, business_owner, business_name, entity_type, business_address, standard_deduction) VALUES ('37159fc4-f3f5-4690-acd4-13859f9a0c74', NULL, 'cbd5c605-2b3c-4358-a301-64c4e05d2edc', NULL, 'active', '2025-07-26 11:17:09.619502', '2025-07-26 11:17:09.619502', '{"email": "petrousortho@gmail.com", "phone": "", "state": "MI", "fullName": "Jerek Petrous", "dependents": 0, "homeAddress": "", "filingStatus": "married_joint", "customDeduction": 0, "standardDeduction": true}', NULL, NULL, false, NULL, '12fa3afa-5016-4f55-96e2-0e3f481692dc', 0.00, 0.00, 0.00, 0.00, 'petrousortho@gmail.com', 'Jerek Petrous', '', 'married_joint', 0, '', 'MI', NULL, NULL, NULL, NULL, 0, NULL, NULL, NULL, NULL, true);
INSERT INTO public.admin_client_files (id, client_id, admin_id, affiliate_id, status, created_at, updated_at, tax_profile_data, last_calculation_date, projected_savings, archived, archived_at, business_id, ordinary_k1_income, guaranteed_k1_income, household_income, business_annual_revenue, email, full_name, phone, filing_status, dependents, home_address, state, wages_income, passive_income, unearned_income, capital_gains, custom_deduction, business_owner, business_name, entity_type, business_address, standard_deduction) VALUES ('018d0221-878e-4341-b2e7-5c017f0450da', NULL, 'cbd5c605-2b3c-4358-a301-64c4e05d2edc', NULL, 'active', '2025-07-28 20:47:55.701958', '2025-07-28 20:47:55.701958', '{"email": "drg@kimbraces.com", "phone": null, "state": "HI", "fullName": "Gerald Kim", "dependents": 2, "homeAddress": null, "filingStatus": "married_joint", "customDeduction": 0, "standardDeduction": true}', NULL, NULL, false, NULL, 'c83bbeb9-f17e-4593-ada6-1341594e9f65', 0.00, 0.00, 0.00, 0.00, 'drg@kimbraces.com', 'Gerald Kim', NULL, 'married_joint', 2, NULL, 'HI', NULL, NULL, NULL, NULL, 0, NULL, NULL, NULL, NULL, true);
INSERT INTO public.admin_client_files (id, client_id, admin_id, affiliate_id, status, created_at, updated_at, tax_profile_data, last_calculation_date, projected_savings, archived, archived_at, business_id, ordinary_k1_income, guaranteed_k1_income, household_income, business_annual_revenue, email, full_name, phone, filing_status, dependents, home_address, state, wages_income, passive_income, unearned_income, capital_gains, custom_deduction, business_owner, business_name, entity_type, business_address, standard_deduction) VALUES ('5a825b9a-56bd-4f9b-b2e6-83ff2fa1aaae', NULL, 'cbd5c605-2b3c-4358-a301-64c4e05d2edc', NULL, 'active', '2025-07-28 21:28:41.985444', '2025-07-28 21:28:41.985444', '{"email": "tnestman@gmail.com", "phone": null, "state": null, "fullName": "Trent Nestman", "dependents": 2, "homeAddress": null, "filingStatus": "married_joint", "customDeduction": 0, "standardDeduction": true}', NULL, NULL, false, NULL, '79439816-1ae5-4a9e-8d5d-28fae11a4d56', 0.00, 0.00, 0.00, 0.00, 'tnestman@gmail.com', 'Trent Nestman', NULL, 'married_joint', 2, NULL, NULL, NULL, NULL, NULL, NULL, 0, NULL, NULL, NULL, NULL, true);


--

-- Data for table: tax_proposals
-- Data for Name: tax_proposals; Type: TABLE DATA; Schema: public; Owner: postgres

--

INSERT INTO public.tax_proposals (id, user_id, affiliate_id, client_id, client_name, year, tax_info, proposed_strategies, total_savings, status, notes, created_at, updated_at) VALUES ('39c8d812-c5f8-4f36-b21a-678340efe411', 'cbd5c605-2b3c-4358-a301-64c4e05d2edc', NULL, NULL, NULL, 2025, '{"email": "ellie@gmail.com", "phone": "2134321234", "state": "ID", "fullName": "Ellie Dyches", "dependents": 3, "entityType": "llc", "homeAddress": "1293 North Oak Hills Circle", "wagesIncome": 0, "businessName": "BigLaw", "capitalGains": 0, "filingStatus": "married_joint", "businessOwner": true, "passiveIncome": 0, "unearnedIncome": 0, "businessAddress": "123 Avenue", "customDeduction": 0, "householdIncome": 0, "ordinaryK1Income": 0, "standardDeduction": true, "guaranteedK1Income": 0, "deductionLimitReached": false}', '[]', 0.00, 'draft', NULL, '2025-07-03 00:36:30.735674+00', '2025-07-03 00:36:30.735674+00');
INSERT INTO public.tax_proposals (id, user_id, affiliate_id, client_id, client_name, year, tax_info, proposed_strategies, total_savings, status, notes, created_at, updated_at) VALUES ('dcb580e1-c56e-469d-a2b3-f1b0435b87d6', 'cbd5c605-2b3c-4358-a301-64c4e05d2edc', NULL, NULL, NULL, 2025, '{"email": "ellie@gmail.com", "phone": "2134321234", "state": "ID", "fullName": "Ellie Dyches", "dependents": 3, "entityType": "llc", "homeAddress": "1293 North Oak Hills Circle", "wagesIncome": 0, "businessName": "BigLaw", "capitalGains": 0, "filingStatus": "married_joint", "businessOwner": true, "passiveIncome": 0, "unearnedIncome": 0, "businessAddress": "123 Avenue", "customDeduction": 0, "householdIncome": 0, "ordinaryK1Income": 0, "standardDeduction": true, "guaranteedK1Income": 0, "deductionLimitReached": false}', '[]', 0.00, 'draft', NULL, '2025-07-03 00:36:30.767869+00', '2025-07-03 00:36:30.767869+00');


--

-- Data for table: strategy_details
-- Data for Name: strategy_details; Type: TABLE DATA; Schema: public; Owner: postgres

--

INSERT INTO public.strategy_details (id, proposal_id, strategy_id, strategy_name, strategy_category, details, estimated_savings, enabled, created_at, updated_at) VALUES ('05dbe6bc-4aee-49a9-87ee-aff436b6592e', '39c8d812-c5f8-4f36-b21a-678340efe411', 'cost_segregation', 'Cost Segregation', 'new_deductions', '{"costSegregation": {"landValue": 200000, "ficaSavings": 0, "propertyType": "residential", "stateSavings": 0, "totalBenefit": 0, "totalSavings": 0, "yearAcquired": 2025, "propertyValue": 1000000, "federalSavings": 0, "years2to5Annual": 48000, "improvementValue": 800000, "currentYearDeduction": 346182, "bonusDepreciationRate": 60}}', 0.00, false, '2025-07-03 00:36:31.105567+00', '2025-07-03 00:36:31.105567+00');
INSERT INTO public.strategy_details (id, proposal_id, strategy_id, strategy_name, strategy_category, details, estimated_savings, enabled, created_at, updated_at) VALUES ('2d212db7-8ef0-429f-ac5a-10b86aecd4de', 'dcb580e1-c56e-469d-a2b3-f1b0435b87d6', 'cost_segregation', 'Cost Segregation', 'new_deductions', '{"costSegregation": {"landValue": 200000, "ficaSavings": 0, "propertyType": "residential", "stateSavings": 0, "totalBenefit": 0, "totalSavings": 0, "yearAcquired": 2025, "propertyValue": 1000000, "federalSavings": 0, "years2to5Annual": 48000, "improvementValue": 800000, "currentYearDeduction": 346182, "bonusDepreciationRate": 60}}', 0.00, false, '2025-07-03 00:36:31.123429+00', '2025-07-03 00:36:31.123429+00');
INSERT INTO public.strategy_details (id, proposal_id, strategy_id, strategy_name, strategy_category, details, estimated_savings, enabled, created_at, updated_at) VALUES ('536d057e-36be-443e-a9a1-4ed72e6d558e', 'dcb580e1-c56e-469d-a2b3-f1b0435b87d6', 'charitable_donation', 'Charitable Donation Strategy', 'new_deductions', '{"charitableDonation": {"agiLimit": 0.6, "stateSavings": 6075, "totalBenefit": 34851, "fmvMultiplier": 5, "deductionValue": 150000, "donationAmount": 30000, "federalSavings": 28776}}', 34851.00, true, '2025-07-03 02:49:26.731603+00', '2025-07-03 02:49:26.731603+00');
INSERT INTO public.strategy_details (id, proposal_id, strategy_id, strategy_name, strategy_category, details, estimated_savings, enabled, created_at, updated_at) VALUES ('5f097479-8d39-49f3-996f-fd899a557c02', 'dcb580e1-c56e-469d-a2b3-f1b0435b87d6', 'augusta_rule', 'Augusta Rule', 'income_shifted', '{"augustaRule": {"dailyRate": 1500, "totalRent": 21000, "daysRented": 14, "ficaBenefit": 0, "stateBenefit": 850, "totalBenefit": 5890, "federalBenefit": 5040}}', 5890.00, false, '2025-07-03 20:18:31.911958+00', '2025-07-03 20:18:31.911958+00');


--

-- Data for table: augusta_rule_details
-- Data for Name: augusta_rule_details; Type: TABLE DATA; Schema: public; Owner: postgres

--

INSERT INTO public.augusta_rule_details (id, strategy_detail_id, days_rented, daily_rate, total_rent, state_benefit, federal_benefit, fica_benefit, total_benefit, rental_dates, parties_info, rental_info, created_at, updated_at) VALUES ('eac22470-74a9-47e0-b9c2-09c66ed360eb', '5f097479-8d39-49f3-996f-fd899a557c02', 14, 1500.00, 21000.00, 1449.00, 7350.00, 0.00, 8799.00, NULL, NULL, NULL, '2025-07-03 20:18:31.995176+00', '2025-07-03 20:18:31.995176+00');
INSERT INTO public.augusta_rule_details (id, strategy_detail_id, days_rented, daily_rate, total_rent, state_benefit, federal_benefit, fica_benefit, total_benefit, rental_dates, parties_info, rental_info, created_at, updated_at) VALUES ('00facd3b-462a-4ca6-95a3-f5940b28bff8', '5f097479-8d39-49f3-996f-fd899a557c02', 14, 1500.00, 21000.00, 1449.00, 7350.00, 0.00, 8799.00, NULL, NULL, NULL, '2025-07-03 20:18:32.080094+00', '2025-07-03 20:18:32.080094+00');
INSERT INTO public.augusta_rule_details (id, strategy_detail_id, days_rented, daily_rate, total_rent, state_benefit, federal_benefit, fica_benefit, total_benefit, rental_dates, parties_info, rental_info, created_at, updated_at) VALUES ('d0677d99-3bda-47dd-bafe-b6a04f65a901', '5f097479-8d39-49f3-996f-fd899a557c02', 14, 1500.00, 21000.00, 1449.00, 7350.00, 0.00, 8799.00, NULL, NULL, NULL, '2025-07-03 20:18:32.138588+00', '2025-07-03 20:18:32.138588+00');
INSERT INTO public.augusta_rule_details (id, strategy_detail_id, days_rented, daily_rate, total_rent, state_benefit, federal_benefit, fica_benefit, total_benefit, rental_dates, parties_info, rental_info, created_at, updated_at) VALUES ('94ad7cd3-8abe-4e3f-a4b2-263008bbbe8e', '5f097479-8d39-49f3-996f-fd899a557c02', 14, 1500.00, 21000.00, 1449.00, 7350.00, 0.00, 8799.00, NULL, NULL, NULL, '2025-07-03 20:18:39.447401+00', '2025-07-03 20:18:39.447401+00');
INSERT INTO public.augusta_rule_details (id, strategy_detail_id, days_rented, daily_rate, total_rent, state_benefit, federal_benefit, fica_benefit, total_benefit, rental_dates, parties_info, rental_info, created_at, updated_at) VALUES ('8a093ce2-75d1-42e5-8f20-a8649fef63fd', '5f097479-8d39-49f3-996f-fd899a557c02', 14, 1500.00, 21000.00, 1449.00, 7350.00, 0.00, 8799.00, NULL, NULL, NULL, '2025-07-03 20:18:39.500597+00', '2025-07-03 20:18:39.500597+00');
INSERT INTO public.augusta_rule_details (id, strategy_detail_id, days_rented, daily_rate, total_rent, state_benefit, federal_benefit, fica_benefit, total_benefit, rental_dates, parties_info, rental_info, created_at, updated_at) VALUES ('fdf85c7e-2d6b-41ca-b3f3-7c00995db2ed', '5f097479-8d39-49f3-996f-fd899a557c02', 14, 1500.00, 21000.00, 850.00, 5040.00, 0.00, 5890.00, NULL, NULL, NULL, '2025-07-07 18:25:51.224265+00', '2025-07-07 18:25:51.224265+00');
INSERT INTO public.augusta_rule_details (id, strategy_detail_id, days_rented, daily_rate, total_rent, state_benefit, federal_benefit, fica_benefit, total_benefit, rental_dates, parties_info, rental_info, created_at, updated_at) VALUES ('64ba30ce-8f9e-49be-a7ca-299aac47f51e', '5f097479-8d39-49f3-996f-fd899a557c02', 14, 1500.00, 21000.00, 850.00, 5040.00, 0.00, 5890.00, NULL, NULL, NULL, '2025-07-07 18:25:51.247246+00', '2025-07-07 18:25:51.247246+00');
INSERT INTO public.augusta_rule_details (id, strategy_detail_id, days_rented, daily_rate, total_rent, state_benefit, federal_benefit, fica_benefit, total_benefit, rental_dates, parties_info, rental_info, created_at, updated_at) VALUES ('005abf5a-8951-4378-a8ab-8f0af5d28f46', '5f097479-8d39-49f3-996f-fd899a557c02', 14, 1500.00, 21000.00, 850.00, 5040.00, 0.00, 5890.00, NULL, NULL, NULL, '2025-07-07 18:25:51.284726+00', '2025-07-07 18:25:51.284726+00');
INSERT INTO public.augusta_rule_details (id, strategy_detail_id, days_rented, daily_rate, total_rent, state_benefit, federal_benefit, fica_benefit, total_benefit, rental_dates, parties_info, rental_info, created_at, updated_at) VALUES ('bd06d68f-26d2-49fd-807b-4d5652509484', '5f097479-8d39-49f3-996f-fd899a557c02', 14, 1500.00, 21000.00, 850.00, 5040.00, 0.00, 5890.00, NULL, NULL, NULL, '2025-07-07 18:37:23.162591+00', '2025-07-07 18:37:23.162591+00');
INSERT INTO public.augusta_rule_details (id, strategy_detail_id, days_rented, daily_rate, total_rent, state_benefit, federal_benefit, fica_benefit, total_benefit, rental_dates, parties_info, rental_info, created_at, updated_at) VALUES ('b9e8a2b4-2b04-4629-9572-e60f6661ccd2', '5f097479-8d39-49f3-996f-fd899a557c02', 14, 1500.00, 21000.00, 850.00, 5040.00, 0.00, 5890.00, NULL, NULL, NULL, '2025-07-07 18:37:23.222556+00', '2025-07-07 18:37:23.222556+00');


--

-- Data for table: clients
-- Data for Name: clients; Type: TABLE DATA; Schema: public; Owner: postgres

--

INSERT INTO public.clients (id, full_name, email, phone, filing_status, home_address, state, dependents, standard_deduction, custom_deduction, created_by, created_at, updated_at, archived, archived_at, city, zip_code) VALUES ('efd0fec6-4670-4310-9919-eb56b2ea9236', 'John Doe', 'john@example.com', '555-1234', 'single', '123 Main St', 'CA', 0, true, 0.00, NULL, '2025-07-02 00:00:54.661411+00', '2025-07-02 00:00:54.661411+00', false, NULL, NULL, NULL);
INSERT INTO public.clients (id, full_name, email, phone, filing_status, home_address, state, dependents, standard_deduction, custom_deduction, created_by, created_at, updated_at, archived, archived_at, city, zip_code) VALUES ('bc673c80-3875-4681-bd60-8835aecdc802', 'Ben Friberg', 'ben.friberg@gmail.com', NULL, 'married_joint', NULL, 'NC', 2, true, 0.00, 'cbd5c605-2b3c-4358-a301-64c4e05d2edc', '2025-07-23 18:19:08.318595+00', '2025-07-23 18:19:08.318595+00', false, NULL, NULL, NULL);
INSERT INTO public.clients (id, full_name, email, phone, filing_status, home_address, state, dependents, standard_deduction, custom_deduction, created_by, created_at, updated_at, archived, archived_at, city, zip_code) VALUES ('90830e88-8084-483f-9525-104a1464a61d', 'Chris Teeters', 'christeeters@gmail.com', NULL, 'married_joint', '7505 W. Deer Valley Rd. #120', 'AZ', 4, true, 0.00, 'cbd5c605-2b3c-4358-a301-64c4e05d2edc', '2025-07-23 19:28:35.274052+00', '2025-07-23 19:28:35.274052+00', false, NULL, 'Peoria', '85382');
INSERT INTO public.clients (id, full_name, email, phone, filing_status, home_address, state, dependents, standard_deduction, custom_deduction, created_by, created_at, updated_at, archived, archived_at, city, zip_code) VALUES ('5a0d27b2-968d-404d-b9ba-13599d691613', 'Wayne Hamiltion', 'whamilton@nationalprocessing.com', NULL, 'married_joint', NULL, 'UT', 4, true, 0.00, 'cbd5c605-2b3c-4358-a301-64c4e05d2edc', '2025-07-24 21:43:08.932551+00', '2025-07-24 21:43:08.932551+00', false, NULL, NULL, NULL);
INSERT INTO public.clients (id, full_name, email, phone, filing_status, home_address, state, dependents, standard_deduction, custom_deduction, created_by, created_at, updated_at, archived, archived_at, city, zip_code) VALUES ('8b81a809-c4af-448c-97ad-62ba92159e70', 'Ellie Dyches', 'bendyches@gmail.com', '2134321234', 'married_joint', '1293 North Oak Hills Circle', 'ID', 3, true, 0.00, 'cbd5c605-2b3c-4358-a301-64c4e05d2edc', '2025-07-02 00:25:43.363733+00', '2025-07-04 18:34:48.306807+00', false, NULL, 'Boise', '80137');
INSERT INTO public.clients (id, full_name, email, phone, filing_status, home_address, state, dependents, standard_deduction, custom_deduction, created_by, created_at, updated_at, archived, archived_at, city, zip_code) VALUES ('018d0221-878e-4341-b2e7-5c017f0450da', 'Gerald Kim', 'drg@kimbraces.com', '', 'married_joint', '', 'HI', 2, true, 0.00, 'cbd5c605-2b3c-4358-a301-64c4e05d2edc', '2025-07-28 20:45:52.547218+00', '2025-07-28 20:45:52.547218+00', false, NULL, '', '');
INSERT INTO public.clients (id, full_name, email, phone, filing_status, home_address, state, dependents, standard_deduction, custom_deduction, created_by, created_at, updated_at, archived, archived_at, city, zip_code) VALUES ('5a825b9a-56bd-4f9b-b2e6-83ff2fa1aaae', 'Trent Nestman', 'tnestman@gmail.com', NULL, 'married_joint', NULL, NULL, 2, true, 0.00, 'cbd5c605-2b3c-4358-a301-64c4e05d2edc', '2025-07-28 21:28:28.484626+00', '2025-07-28 21:28:28.484626+00', false, NULL, NULL, NULL);
INSERT INTO public.clients (id, full_name, email, phone, filing_status, home_address, state, dependents, standard_deduction, custom_deduction, created_by, created_at, updated_at, archived, archived_at, city, zip_code) VALUES ('37159fc4-f3f5-4690-acd4-13859f9a0c74', 'Jerek Petrous', 'petrousortho@gmail.com', '', 'married_joint', '', 'MI', 0, true, 0.00, 'cbd5c605-2b3c-4358-a301-64c4e05d2edc', '2025-07-07 18:24:47.919009+00', '2025-07-07 19:25:54.910447+00', false, NULL, '', '');
INSERT INTO public.clients (id, full_name, email, phone, filing_status, home_address, state, dependents, standard_deduction, custom_deduction, created_by, created_at, updated_at, archived, archived_at, city, zip_code) VALUES ('4d421d8e-7bf8-44ea-8da7-a3382cb39b6b', 'Michael Rosvall', 'rosvall1@gmail.com', '', 'married_joint', '', '', 5, true, 0.00, 'cbd5c605-2b3c-4358-a301-64c4e05d2edc', '2025-07-17 17:27:26.406348+00', '2025-07-17 17:27:26.406348+00', false, NULL, '', '');
INSERT INTO public.clients (id, full_name, email, phone, filing_status, home_address, state, dependents, standard_deduction, custom_deduction, created_by, created_at, updated_at, archived, archived_at, city, zip_code) VALUES ('bd2dcfec-2f15-45e4-83c0-ce9f7c52ef73', 'Robert MacDonald', 'ericka_mac7@yahoo.com', NULL, 'married_joint', NULL, 'AZ', 3, true, 0.00, 'cbd5c605-2b3c-4358-a301-64c4e05d2edc', '2025-07-17 20:59:46.228858+00', '2025-07-17 20:59:46.228858+00', false, NULL, NULL, NULL);
INSERT INTO public.clients (id, full_name, email, phone, filing_status, home_address, state, dependents, standard_deduction, custom_deduction, created_by, created_at, updated_at, archived, archived_at, city, zip_code) VALUES ('dce2e99a-ae77-4d90-a11c-ed898bff624f', 'Micah Mortenson', 'dr.mortensen@gmail.com', NULL, 'married_joint', NULL, NULL, 4, true, 0.00, 'cbd5c605-2b3c-4358-a301-64c4e05d2edc', '2025-07-18 19:00:03.219974+00', '2025-07-18 19:00:03.219974+00', false, NULL, NULL, NULL);
INSERT INTO public.clients (id, full_name, email, phone, filing_status, home_address, state, dependents, standard_deduction, custom_deduction, created_by, created_at, updated_at, archived, archived_at, city, zip_code) VALUES ('1a9e91fc-f4d8-4c6c-a726-7b5628c5207c', 'Shital Patel', 'coronasmiles@sbcglobal.net', '', 'married_joint', '', '', 0, true, 0.00, 'cbd5c605-2b3c-4358-a301-64c4e05d2edc', '2025-07-16 23:35:03.08567+00', '2025-07-16 23:35:03.08567+00', false, NULL, '', '');
INSERT INTO public.clients (id, full_name, email, phone, filing_status, home_address, state, dependents, standard_deduction, custom_deduction, created_by, created_at, updated_at, archived, archived_at, city, zip_code) VALUES ('1300de7c-22a9-4753-b8fe-b32ebf974413', 'Suman Gorantla', 'sumangorantla@hotmail.com', NULL, 'married_joint', NULL, 'KS', 3, true, 0.00, 'cbd5c605-2b3c-4358-a301-64c4e05d2edc', '2025-07-22 16:15:34.913726+00', '2025-07-22 16:15:34.913726+00', false, NULL, NULL, NULL);
INSERT INTO public.clients (id, full_name, email, phone, filing_status, home_address, state, dependents, standard_deduction, custom_deduction, created_by, created_at, updated_at, archived, archived_at, city, zip_code) VALUES ('2d9196d9-059b-4797-a0e0-8fc2a093c491', 'Karen Liu', 'toothfoundation1@gmail.com', NULL, 'married_joint', NULL, 'CA', 0, true, 0.00, 'cbd5c605-2b3c-4358-a301-64c4e05d2edc', '2025-07-23 14:48:31.011037+00', '2025-07-23 14:48:31.011037+00', false, NULL, NULL, NULL);
INSERT INTO public.clients (id, full_name, email, phone, filing_status, home_address, state, dependents, standard_deduction, custom_deduction, created_by, created_at, updated_at, archived, archived_at, city, zip_code) VALUES ('eba6dae5-c5f3-4e60-bb7d-53aba48be9c5', 'Scott Rice', 'drsrice@gmail.com', NULL, 'married_joint', NULL, 'CA', 0, true, 0.00, 'cbd5c605-2b3c-4358-a301-64c4e05d2edc', '2025-07-23 16:26:20.788001+00', '2025-07-23 16:26:20.788001+00', false, NULL, NULL, NULL);


--

-- Data for table: businesses
-- Data for Name: businesses; Type: TABLE DATA; Schema: public; Owner: postgres

--

INSERT INTO public.businesses (id, client_id, business_name, entity_type, ein, business_address, business_city, business_state, business_zip, business_phone, business_email, industry, year_established, annual_revenue, employee_count, is_active, created_at, updated_at) VALUES ('1048da75-727c-498e-a536-edd128485836', '1300de7c-22a9-4753-b8fe-b32ebf974413', 'Smiles Orthodontics', 'S-Corp', NULL, '494 N. 127th St. E., Suite 100', NULL, 'KS', NULL, NULL, NULL, NULL, 2018, 0.00, 0, true, '2025-07-22 16:15:35.133438+00', '2025-07-22 16:15:35.133438+00');
INSERT INTO public.businesses (id, client_id, business_name, entity_type, ein, business_address, business_city, business_state, business_zip, business_phone, business_email, industry, year_established, annual_revenue, employee_count, is_active, created_at, updated_at) VALUES ('a3e01643-3aa0-4cd6-b251-07ef16100cf2', '2d9196d9-059b-4797-a0e0-8fc2a093c491', 'Karen Y Liu DDS, Inc', 'S-Corp', NULL, '12778 Rancho Penasquitos Blvd Ste B', 'San Diego', 'CA', '92129', NULL, NULL, 'Healthcare', 2006, 0.00, 10, true, '2025-07-23 14:48:31.268727+00', '2025-07-23 14:48:31.268727+00');
INSERT INTO public.businesses (id, client_id, business_name, entity_type, ein, business_address, business_city, business_state, business_zip, business_phone, business_email, industry, year_established, annual_revenue, employee_count, is_active, created_at, updated_at) VALUES ('bc4458da-e5ec-403a-85e1-490386a40c75', 'eba6dae5-c5f3-4e60-bb7d-53aba48be9c5', 'Rice Dentistry', 'S-Corp', NULL, '15785 Laguna Canyon Rd Ste 200', 'Irvine', 'CA', '92618', NULL, NULL, 'Healthcare', 2015, 0.00, 0, true, '2025-07-23 16:26:21.013617+00', '2025-07-23 16:26:21.013617+00');
INSERT INTO public.businesses (id, client_id, business_name, entity_type, ein, business_address, business_city, business_state, business_zip, business_phone, business_email, industry, year_established, annual_revenue, employee_count, is_active, created_at, updated_at) VALUES ('12fa3afa-5016-4f55-96e2-0e3f481692dc', '37159fc4-f3f5-4690-acd4-13859f9a0c74', 'Petrous Orthodontics', 'llc', '', '', '', 'MI', '', NULL, NULL, 'Healthcare', 2018, 1200000.00, 20, true, '2025-07-07 19:25:22.12748+00', '2025-07-07 19:25:22.12748+00');
INSERT INTO public.businesses (id, client_id, business_name, entity_type, ein, business_address, business_city, business_state, business_zip, business_phone, business_email, industry, year_established, annual_revenue, employee_count, is_active, created_at, updated_at) VALUES ('3d31dca3-d014-43ae-97a1-211c70ad2e97', '4d421d8e-7bf8-44ea-8da7-a3382cb39b6b', 'Rosvall Orthodontics, LLC', 'llc', '', '5532 Main St Suite 110', 'Herriman', 'UT', '84096', NULL, NULL, 'Healthcare', 2025, 0.00, 20, true, '2025-07-17 17:27:52.973022+00', '2025-07-17 17:27:52.973022+00');
INSERT INTO public.businesses (id, client_id, business_name, entity_type, ein, business_address, business_city, business_state, business_zip, business_phone, business_email, industry, year_established, annual_revenue, employee_count, is_active, created_at, updated_at) VALUES ('600a1088-5e8d-41fd-84cb-2670cc9b568c', 'bd2dcfec-2f15-45e4-83c0-ce9f7c52ef73', 'MadDonald Orthodontics, LLC', 'S-Corp', NULL, NULL, NULL, 'AZ', NULL, NULL, NULL, 'Healthcare', 2015, 0.00, 0, true, '2025-07-17 20:59:46.425551+00', '2025-07-17 20:59:46.425551+00');
INSERT INTO public.businesses (id, client_id, business_name, entity_type, ein, business_address, business_city, business_state, business_zip, business_phone, business_email, industry, year_established, annual_revenue, employee_count, is_active, created_at, updated_at) VALUES ('b4822586-f26b-4608-b51d-ab4e46797c37', 'dce2e99a-ae77-4d90-a11c-ed898bff624f', 'Granger Orthodontics', 'S-Corp', NULL, NULL, NULL, 'UT', NULL, NULL, NULL, 'Healthcare', 2025, 0.00, 10, true, '2025-07-18 19:00:03.455336+00', '2025-07-18 19:00:03.455336+00');
INSERT INTO public.businesses (id, client_id, business_name, entity_type, ein, business_address, business_city, business_state, business_zip, business_phone, business_email, industry, year_established, annual_revenue, employee_count, is_active, created_at, updated_at) VALUES ('1c007a52-5e3e-4a4b-bbb5-54f81ad63567', '1a9e91fc-f4d8-4c6c-a726-7b5628c5207c', 'All Smiles Orthodontics', 's_corp', '26-4001327', '160 E. Ontario Ave. Suite 103', 'Corona', 'CA', '92879', NULL, NULL, 'Healthcare', 2008, 0.00, 10, true, '2025-07-19 20:23:32.13593+00', '2025-07-19 20:23:32.13593+00');
INSERT INTO public.businesses (id, client_id, business_name, entity_type, ein, business_address, business_city, business_state, business_zip, business_phone, business_email, industry, year_established, annual_revenue, employee_count, is_active, created_at, updated_at) VALUES ('238c86c1-bd3a-42a3-acf0-f6176bd6b92e', '1a9e91fc-f4d8-4c6c-a726-7b5628c5207c', 'Dental Care of Corona', 's_corp', '20-0406823', '260 E Ontario Ave, Suite 201', 'Corona', 'CA', '92879', NULL, NULL, 'Healthcare', 2025, 0.00, 20, true, '2025-07-19 20:23:32.354303+00', '2025-07-19 20:23:32.354303+00');
INSERT INTO public.businesses (id, client_id, business_name, entity_type, ein, business_address, business_city, business_state, business_zip, business_phone, business_email, industry, year_established, annual_revenue, employee_count, is_active, created_at, updated_at) VALUES ('04bd6120-d27d-45a3-ba33-b65fdc3a1461', 'bc673c80-3875-4681-bd60-8835aecdc802', 'Thrive Family Dental', 'Sole Proprietorship', NULL, '8115 Market Street STE 2B', 'Wilmington', 'NC', '28411', NULL, NULL, 'Healthcare', 2018, 0.00, 10, true, '2025-07-23 18:19:08.651081+00', '2025-07-23 18:19:08.651081+00');
INSERT INTO public.businesses (id, client_id, business_name, entity_type, ein, business_address, business_city, business_state, business_zip, business_phone, business_email, industry, year_established, annual_revenue, employee_count, is_active, created_at, updated_at) VALUES ('43cf7dff-2cad-4d8c-b776-fc0b0dcbfb8e', '90830e88-8084-483f-9525-104a1464a61d', 'Teeters Orthodontics', 'S-Corp', NULL, '7505 W. Deer Valley Rd. #120', 'Peoria', 'AZ', '85382', NULL, NULL, 'Healthcare', 2018, 0.00, 10, true, '2025-07-23 19:28:35.474998+00', '2025-07-23 19:28:35.474998+00');
INSERT INTO public.businesses (id, client_id, business_name, entity_type, ein, business_address, business_city, business_state, business_zip, business_phone, business_email, industry, year_established, annual_revenue, employee_count, is_active, created_at, updated_at) VALUES ('f7f6b107-cfe4-4a7c-8d26-caf41b381233', '5a0d27b2-968d-404d-b9ba-13599d691613', 'NATIONAL PROCESSING', 'LLC', '06-1826529', '898 N 1200 W STE 100', 'Orem', 'UT', '84057', NULL, NULL, 'Financial Services', 2019, 0.00, 6, true, '2025-07-24 21:43:09.217139+00', '2025-07-24 21:43:09.217139+00');
INSERT INTO public.businesses (id, client_id, business_name, entity_type, ein, business_address, business_city, business_state, business_zip, business_phone, business_email, industry, year_established, annual_revenue, employee_count, is_active, created_at, updated_at) VALUES ('0eac08d8-80d1-4159-a751-4613d3423848', '8b81a809-c4af-448c-97ad-62ba92159e70', 'X2', 's_corp', '12-3123123', '390 E. Center St.', 'Provo', 'UT', '84606', '(801) 403-8442', 'ben@taxrxgroup.com', 'Technology', 2023, 1232210.00, 10, true, '2025-07-26 11:00:36.034251+00', '2025-07-26 11:00:36.034251+00');
INSERT INTO public.businesses (id, client_id, business_name, entity_type, ein, business_address, business_city, business_state, business_zip, business_phone, business_email, industry, year_established, annual_revenue, employee_count, is_active, created_at, updated_at) VALUES ('a8dd1fa2-e758-48b8-91a2-87017e7f8441', '8b81a809-c4af-448c-97ad-62ba92159e70', 'X3', 'llc', '12-3123131', '390 E. Center St.', 'Provo', 'UT', '84606', '(801) 403-8442', 'ben@taxrxgroup.com', 'Retail', 2021, 1231232.00, 12, true, '2025-07-26 11:00:36.284298+00', '2025-07-26 11:00:36.284298+00');
INSERT INTO public.businesses (id, client_id, business_name, entity_type, ein, business_address, business_city, business_state, business_zip, business_phone, business_email, industry, year_established, annual_revenue, employee_count, is_active, created_at, updated_at) VALUES ('156c544f-13a7-46fe-b8c8-991071de0d5f', '8b81a809-c4af-448c-97ad-62ba92159e70', 'X4', 'corporation', '32-4234244', '390 E. Center St.', 'Provo', 'UT', '84606', '(801) 403-8442', 'ben@taxrxgroup.com', 'Other', 2020, 1231230.00, 20, true, '2025-07-26 11:00:36.474082+00', '2025-07-26 11:00:36.474082+00');
INSERT INTO public.businesses (id, client_id, business_name, entity_type, ein, business_address, business_city, business_state, business_zip, business_phone, business_email, industry, year_established, annual_revenue, employee_count, is_active, created_at, updated_at) VALUES ('48c667a9-8f0a-4f39-8fac-bb9969e32ff0', '018d0221-878e-4341-b2e7-5c017f0450da', 'Kim Orthodontics', 'llc', '61-1545814', '1441 KAPIOLANI BLVD., STE 1515', 'HONOLULU', 'ID', '96814', NULL, NULL, 'Healthcare', 2025, 0.00, 0, true, '2025-07-28 21:01:49.259209+00', '2025-07-28 21:01:49.259209+00');
INSERT INTO public.businesses (id, client_id, business_name, entity_type, ein, business_address, business_city, business_state, business_zip, business_phone, business_email, industry, year_established, annual_revenue, employee_count, is_active, created_at, updated_at) VALUES ('79439816-1ae5-4a9e-8d5d-28fae11a4d56', '5a825b9a-56bd-4f9b-b2e6-83ff2fa1aaae', 'Nestman Orthodontics', 'S-Corp', NULL, '2206 Kearney St.', 'Denver', 'CO', '80207', NULL, NULL, 'Healthcare', 2017, 0.00, 10, true, '2025-07-28 21:28:28.71647+00', '2025-07-28 21:28:28.71647+00');


--

-- Data for table: business_years
-- Data for Name: business_years; Type: TABLE DATA; Schema: public; Owner: postgres

--

INSERT INTO public.business_years (id, business_id, year, is_active, ordinary_k1_income, guaranteed_k1_income, annual_revenue, employee_count, created_at, updated_at) VALUES ('3593c6b6-914b-47ac-8a5a-02362e5771b2', '48c667a9-8f0a-4f39-8fac-bb9969e32ff0', 2025, true, 550000.00, 0.00, 0.00, 0, '2025-07-28 21:01:49.333616+00', '2025-07-28 21:01:49.333616+00');
INSERT INTO public.business_years (id, business_id, year, is_active, ordinary_k1_income, guaranteed_k1_income, annual_revenue, employee_count, created_at, updated_at) VALUES ('62fe9b64-416a-46ab-945e-7bcb0cf46516', '79439816-1ae5-4a9e-8d5d-28fae11a4d56', 2025, true, 0.00, 0.00, 0.00, 0, '2025-07-28 21:28:28.851104+00', '2025-07-28 21:28:28.851104+00');
INSERT INTO public.business_years (id, business_id, year, is_active, ordinary_k1_income, guaranteed_k1_income, annual_revenue, employee_count, created_at, updated_at) VALUES ('88b079ee-95f7-4602-a766-1d91133f4e35', '12fa3afa-5016-4f55-96e2-0e3f481692dc', 2025, true, 100000.00, 0.00, 0.00, 0, '2025-07-07 19:25:22.223328+00', '2025-07-07 19:25:22.223328+00');
INSERT INTO public.business_years (id, business_id, year, is_active, ordinary_k1_income, guaranteed_k1_income, annual_revenue, employee_count, created_at, updated_at) VALUES ('f5c671f2-793c-4a7b-bdc5-1ca3a7dafb2c', '3d31dca3-d014-43ae-97a1-211c70ad2e97', 2025, true, 0.00, 0.00, 0.00, 0, '2025-07-17 17:27:53.044944+00', '2025-07-17 17:27:53.044944+00');
INSERT INTO public.business_years (id, business_id, year, is_active, ordinary_k1_income, guaranteed_k1_income, annual_revenue, employee_count, created_at, updated_at) VALUES ('1b1a4c85-206f-49f5-9958-b69eb7a406b9', '600a1088-5e8d-41fd-84cb-2670cc9b568c', 2025, true, 0.00, 0.00, 0.00, 0, '2025-07-17 20:59:46.522255+00', '2025-07-17 20:59:46.522255+00');
INSERT INTO public.business_years (id, business_id, year, is_active, ordinary_k1_income, guaranteed_k1_income, annual_revenue, employee_count, created_at, updated_at) VALUES ('b8edf2ce-6fc8-4fc2-acef-0cf126b5c542', 'b4822586-f26b-4608-b51d-ab4e46797c37', 2025, true, 0.00, 0.00, 0.00, 0, '2025-07-18 19:00:03.562161+00', '2025-07-18 19:00:03.562161+00');
INSERT INTO public.business_years (id, business_id, year, is_active, ordinary_k1_income, guaranteed_k1_income, annual_revenue, employee_count, created_at, updated_at) VALUES ('a3b4ec70-aca8-475c-ae81-a893915edae0', '1c007a52-5e3e-4a4b-bbb5-54f81ad63567', 2025, true, 0.00, 0.00, 0.00, 0, '2025-07-19 20:23:32.258828+00', '2025-07-19 20:23:32.258828+00');
INSERT INTO public.business_years (id, business_id, year, is_active, ordinary_k1_income, guaranteed_k1_income, annual_revenue, employee_count, created_at, updated_at) VALUES ('a8e47f78-e1bf-4aa6-9366-ae9c5da59aad', '238c86c1-bd3a-42a3-acf0-f6176bd6b92e', 2025, true, 0.00, 0.00, 0.00, 0, '2025-07-19 20:23:32.453978+00', '2025-07-19 20:23:32.453978+00');
INSERT INTO public.business_years (id, business_id, year, is_active, ordinary_k1_income, guaranteed_k1_income, annual_revenue, employee_count, created_at, updated_at) VALUES ('9bdbf79d-26ad-4ddd-9f3b-291f67de7d44', '1048da75-727c-498e-a536-edd128485836', 2025, true, 0.00, 0.00, 0.00, 0, '2025-07-22 16:15:35.239263+00', '2025-07-22 16:15:35.239263+00');
INSERT INTO public.business_years (id, business_id, year, is_active, ordinary_k1_income, guaranteed_k1_income, annual_revenue, employee_count, created_at, updated_at) VALUES ('a5b69766-a64f-4679-afee-9b66c0d953e1', 'a3e01643-3aa0-4cd6-b251-07ef16100cf2', 2025, true, 0.00, 0.00, 0.00, 0, '2025-07-23 14:48:31.45346+00', '2025-07-23 14:48:31.45346+00');
INSERT INTO public.business_years (id, business_id, year, is_active, ordinary_k1_income, guaranteed_k1_income, annual_revenue, employee_count, created_at, updated_at) VALUES ('b3bfcf3f-a469-41c6-859b-eec48fc12f27', 'bc4458da-e5ec-403a-85e1-490386a40c75', 2025, true, 0.00, 0.00, 0.00, 0, '2025-07-23 16:26:21.148799+00', '2025-07-23 16:26:21.148799+00');
INSERT INTO public.business_years (id, business_id, year, is_active, ordinary_k1_income, guaranteed_k1_income, annual_revenue, employee_count, created_at, updated_at) VALUES ('8c1ef72e-da42-4977-9b9e-74e8c36ba708', '04bd6120-d27d-45a3-ba33-b65fdc3a1461', 2025, true, 0.00, 0.00, 0.00, 0, '2025-07-23 18:19:08.796798+00', '2025-07-23 18:19:08.796798+00');
INSERT INTO public.business_years (id, business_id, year, is_active, ordinary_k1_income, guaranteed_k1_income, annual_revenue, employee_count, created_at, updated_at) VALUES ('49b5d62f-81e5-4dc3-8fed-0a6d542e728f', '43cf7dff-2cad-4d8c-b776-fc0b0dcbfb8e', 2025, true, 0.00, 0.00, 0.00, 0, '2025-07-23 19:28:35.573196+00', '2025-07-23 19:28:35.573196+00');
INSERT INTO public.business_years (id, business_id, year, is_active, ordinary_k1_income, guaranteed_k1_income, annual_revenue, employee_count, created_at, updated_at) VALUES ('7031c8af-3b36-4bff-911b-558f948a19d6', 'f7f6b107-cfe4-4a7c-8d26-caf41b381233', 2025, true, 0.00, 0.00, 0.00, 0, '2025-07-24 21:43:09.387918+00', '2025-07-24 21:43:09.387918+00');
INSERT INTO public.business_years (id, business_id, year, is_active, ordinary_k1_income, guaranteed_k1_income, annual_revenue, employee_count, created_at, updated_at) VALUES ('b1618b84-15a5-4447-adbb-59789e8fcf4f', '0eac08d8-80d1-4159-a751-4613d3423848', 2025, true, 0.00, 0.00, 0.00, 0, '2025-07-26 11:00:36.198962+00', '2025-07-26 11:00:36.198962+00');
INSERT INTO public.business_years (id, business_id, year, is_active, ordinary_k1_income, guaranteed_k1_income, annual_revenue, employee_count, created_at, updated_at) VALUES ('d96dcc97-bc6e-4f13-bda8-d97619d0a18c', 'a8dd1fa2-e758-48b8-91a2-87017e7f8441', 2025, true, 0.00, 0.00, 0.00, 0, '2025-07-26 11:00:36.395702+00', '2025-07-26 11:00:36.395702+00');
INSERT INTO public.business_years (id, business_id, year, is_active, ordinary_k1_income, guaranteed_k1_income, annual_revenue, employee_count, created_at, updated_at) VALUES ('6792cf5c-3cdb-48af-9fae-c10b46a9b33a', '156c544f-13a7-46fe-b8c8-991071de0d5f', 2025, true, 0.00, 0.00, 0.00, 0, '2025-07-26 11:00:36.564906+00', '2025-07-26 11:00:36.564906+00');


--

-- Data for table: calculations
-- Data for Name: calculations; Type: TABLE DATA; Schema: public; Owner: postgres

--



--

-- Data for table: centralized_businesses
-- Data for Name: centralized_businesses; Type: TABLE DATA; Schema: public; Owner: postgres

--



--

-- Data for table: charitable_donation_details
-- Data for Name: charitable_donation_details; Type: TABLE DATA; Schema: public; Owner: postgres

--

INSERT INTO public.charitable_donation_details (id, strategy_detail_id, donation_amount, fmv_multiplier, agi_limit, deduction_value, federal_savings, state_savings, total_benefit, created_at, updated_at) VALUES ('c8c818da-f2cc-45e4-ae99-917ccb4a071a', '536d057e-36be-443e-a9a1-4ed72e6d558e', 50000.00, 5.00, 0.60, 250000.00, 67673.00, 15339.00, 83012.00, '2025-07-03 02:49:26.820359+00', '2025-07-03 02:49:26.820359+00');
INSERT INTO public.charitable_donation_details (id, strategy_detail_id, donation_amount, fmv_multiplier, agi_limit, deduction_value, federal_savings, state_savings, total_benefit, created_at, updated_at) VALUES ('90341e25-9752-4f66-84d1-c80aa73d56bb', '536d057e-36be-443e-a9a1-4ed72e6d558e', 50000.00, 5.00, 0.60, 250000.00, 67673.00, 15339.00, 83012.00, '2025-07-03 02:49:26.911603+00', '2025-07-03 02:49:26.911603+00');
INSERT INTO public.charitable_donation_details (id, strategy_detail_id, donation_amount, fmv_multiplier, agi_limit, deduction_value, federal_savings, state_savings, total_benefit, created_at, updated_at) VALUES ('29320ed4-35b9-4074-9c20-7014c38c5144', '536d057e-36be-443e-a9a1-4ed72e6d558e', 50000.00, 5.00, 0.60, 250000.00, 38446.00, 14878.00, 53324.00, '2025-07-07 15:34:12.840895+00', '2025-07-07 15:34:12.840895+00');
INSERT INTO public.charitable_donation_details (id, strategy_detail_id, donation_amount, fmv_multiplier, agi_limit, deduction_value, federal_savings, state_savings, total_benefit, created_at, updated_at) VALUES ('451b2b0c-bcf3-40c3-981f-3f7776dcdcc9', '536d057e-36be-443e-a9a1-4ed72e6d558e', 50000.00, 5.00, 0.60, 250000.00, 38446.00, 14878.00, 53324.00, '2025-07-07 15:34:12.858298+00', '2025-07-07 15:34:12.858298+00');
INSERT INTO public.charitable_donation_details (id, strategy_detail_id, donation_amount, fmv_multiplier, agi_limit, deduction_value, federal_savings, state_savings, total_benefit, created_at, updated_at) VALUES ('caa3e3c6-b80f-44e9-946c-dbca2b4b1a15', '536d057e-36be-443e-a9a1-4ed72e6d558e', 50000.00, 5.00, 0.60, 250000.00, 38446.00, 14878.00, 53324.00, '2025-07-07 15:34:12.929875+00', '2025-07-07 15:34:12.929875+00');
INSERT INTO public.charitable_donation_details (id, strategy_detail_id, donation_amount, fmv_multiplier, agi_limit, deduction_value, federal_savings, state_savings, total_benefit, created_at, updated_at) VALUES ('30dc3f33-abea-46ba-8ac7-ec889c58d5d7', '536d057e-36be-443e-a9a1-4ed72e6d558e', 50000.00, 5.00, 0.60, 250000.00, 38446.00, 14878.00, 53324.00, '2025-07-07 17:35:05.051761+00', '2025-07-07 17:35:05.051761+00');
INSERT INTO public.charitable_donation_details (id, strategy_detail_id, donation_amount, fmv_multiplier, agi_limit, deduction_value, federal_savings, state_savings, total_benefit, created_at, updated_at) VALUES ('19d767d4-3d15-4ffb-93be-372e95b84152', '536d057e-36be-443e-a9a1-4ed72e6d558e', 50000.00, 5.00, 0.60, 250000.00, 38446.00, 14878.00, 53324.00, '2025-07-07 17:35:05.085914+00', '2025-07-07 17:35:05.085914+00');
INSERT INTO public.charitable_donation_details (id, strategy_detail_id, donation_amount, fmv_multiplier, agi_limit, deduction_value, federal_savings, state_savings, total_benefit, created_at, updated_at) VALUES ('3493b8d0-de5c-4405-b071-827f896ebeee', '536d057e-36be-443e-a9a1-4ed72e6d558e', 50000.00, 5.00, 0.60, 250000.00, 38446.00, 14878.00, 53324.00, '2025-07-07 17:35:05.172098+00', '2025-07-07 17:35:05.172098+00');
INSERT INTO public.charitable_donation_details (id, strategy_detail_id, donation_amount, fmv_multiplier, agi_limit, deduction_value, federal_savings, state_savings, total_benefit, created_at, updated_at) VALUES ('996f7725-5f5c-4139-a116-47053f209440', '536d057e-36be-443e-a9a1-4ed72e6d558e', 25000.00, 5.00, 0.60, 125000.00, 21134.00, 6714.00, 27848.00, '2025-07-07 17:35:08.523867+00', '2025-07-07 17:35:08.523867+00');
INSERT INTO public.charitable_donation_details (id, strategy_detail_id, donation_amount, fmv_multiplier, agi_limit, deduction_value, federal_savings, state_savings, total_benefit, created_at, updated_at) VALUES ('624d8813-6888-45e5-96c0-9f6b998c3b58', '536d057e-36be-443e-a9a1-4ed72e6d558e', 250000.00, 5.00, 0.60, 1250000.00, 38446.00, 14878.00, 53324.00, '2025-07-07 17:35:08.58176+00', '2025-07-07 17:35:08.58176+00');
INSERT INTO public.charitable_donation_details (id, strategy_detail_id, donation_amount, fmv_multiplier, agi_limit, deduction_value, federal_savings, state_savings, total_benefit, created_at, updated_at) VALUES ('f710813b-5d10-4cb8-91a6-009728200afd', '536d057e-36be-443e-a9a1-4ed72e6d558e', 2500000.00, 5.00, 0.60, 12500000.00, 38446.00, 14878.00, 53324.00, '2025-07-07 17:35:08.646572+00', '2025-07-07 17:35:08.646572+00');
INSERT INTO public.charitable_donation_details (id, strategy_detail_id, donation_amount, fmv_multiplier, agi_limit, deduction_value, federal_savings, state_savings, total_benefit, created_at, updated_at) VALUES ('08852c39-75b2-4c09-8572-8b3e20be58af', '536d057e-36be-443e-a9a1-4ed72e6d558e', 250000000.00, 5.00, 0.60, 1250000000.00, 38446.00, 14878.00, 53324.00, '2025-07-07 17:35:08.794185+00', '2025-07-07 17:35:08.794185+00');
INSERT INTO public.charitable_donation_details (id, strategy_detail_id, donation_amount, fmv_multiplier, agi_limit, deduction_value, federal_savings, state_savings, total_benefit, created_at, updated_at) VALUES ('61d782ff-09b3-47ee-b24c-3c10e53c74d2', '536d057e-36be-443e-a9a1-4ed72e6d558e', 25000000.00, 5.00, 0.60, 125000000.00, 38446.00, 14878.00, 53324.00, '2025-07-07 17:35:08.874705+00', '2025-07-07 17:35:08.874705+00');
INSERT INTO public.charitable_donation_details (id, strategy_detail_id, donation_amount, fmv_multiplier, agi_limit, deduction_value, federal_savings, state_savings, total_benefit, created_at, updated_at) VALUES ('32347ae1-a3bd-4ea9-a522-24fc02cdce5e', '536d057e-36be-443e-a9a1-4ed72e6d558e', 25000000.00, 5.00, 0.60, 125000000.00, 38446.00, 14878.00, 53324.00, '2025-07-07 17:35:09.653586+00', '2025-07-07 17:35:09.653586+00');
INSERT INTO public.charitable_donation_details (id, strategy_detail_id, donation_amount, fmv_multiplier, agi_limit, deduction_value, federal_savings, state_savings, total_benefit, created_at, updated_at) VALUES ('42809606-1caa-4ade-9040-b548efbf9b87', '536d057e-36be-443e-a9a1-4ed72e6d558e', 2500000.00, 5.00, 0.60, 12500000.00, 38446.00, 14878.00, 53324.00, '2025-07-07 17:35:09.881947+00', '2025-07-07 17:35:09.881947+00');
INSERT INTO public.charitable_donation_details (id, strategy_detail_id, donation_amount, fmv_multiplier, agi_limit, deduction_value, federal_savings, state_savings, total_benefit, created_at, updated_at) VALUES ('62dad5a1-601a-42ab-b2f5-91dc2f46c0e2', '536d057e-36be-443e-a9a1-4ed72e6d558e', 25000.00, 5.00, 0.60, 125000.00, 21134.00, 6714.00, 27848.00, '2025-07-07 17:35:10.013364+00', '2025-07-07 17:35:10.013364+00');
INSERT INTO public.charitable_donation_details (id, strategy_detail_id, donation_amount, fmv_multiplier, agi_limit, deduction_value, federal_savings, state_savings, total_benefit, created_at, updated_at) VALUES ('e675e318-5a94-4971-87e2-a943f9b72291', '536d057e-36be-443e-a9a1-4ed72e6d558e', 250000.00, 5.00, 0.60, 1250000.00, 38446.00, 14878.00, 53324.00, '2025-07-07 17:35:10.072832+00', '2025-07-07 17:35:10.072832+00');
INSERT INTO public.charitable_donation_details (id, strategy_detail_id, donation_amount, fmv_multiplier, agi_limit, deduction_value, federal_savings, state_savings, total_benefit, created_at, updated_at) VALUES ('d01abbb8-5d3e-4cc7-8138-13d41bf3345f', '536d057e-36be-443e-a9a1-4ed72e6d558e', 0.00, 5.00, 0.60, 0.00, 0.00, 0.00, 0.00, '2025-07-07 17:35:10.30281+00', '2025-07-07 17:35:10.30281+00');
INSERT INTO public.charitable_donation_details (id, strategy_detail_id, donation_amount, fmv_multiplier, agi_limit, deduction_value, federal_savings, state_savings, total_benefit, created_at, updated_at) VALUES ('25178759-0fc4-430a-b619-a16b2ed47887', '536d057e-36be-443e-a9a1-4ed72e6d558e', 25000.00, 5.00, 0.60, 125000.00, 21134.00, 6714.00, 27848.00, '2025-07-07 17:35:12.051648+00', '2025-07-07 17:35:12.051648+00');
INSERT INTO public.charitable_donation_details (id, strategy_detail_id, donation_amount, fmv_multiplier, agi_limit, deduction_value, federal_savings, state_savings, total_benefit, created_at, updated_at) VALUES ('f84f071d-fa55-402a-8fdd-e65a720558ed', '536d057e-36be-443e-a9a1-4ed72e6d558e', 250000.00, 5.00, 0.60, 1250000.00, 38446.00, 14878.00, 53324.00, '2025-07-07 17:35:12.184679+00', '2025-07-07 17:35:12.184679+00');
INSERT INTO public.charitable_donation_details (id, strategy_detail_id, donation_amount, fmv_multiplier, agi_limit, deduction_value, federal_savings, state_savings, total_benefit, created_at, updated_at) VALUES ('eabe0dd9-8642-43a8-90ca-42e90d4ed4e5', '536d057e-36be-443e-a9a1-4ed72e6d558e', 2500000.00, 5.00, 0.60, 12500000.00, 38446.00, 14878.00, 53324.00, '2025-07-07 17:35:12.573647+00', '2025-07-07 17:35:12.573647+00');
INSERT INTO public.charitable_donation_details (id, strategy_detail_id, donation_amount, fmv_multiplier, agi_limit, deduction_value, federal_savings, state_savings, total_benefit, created_at, updated_at) VALUES ('bf76c47e-1d0a-4e78-addf-7e705d0a9ceb', '536d057e-36be-443e-a9a1-4ed72e6d558e', 25000000.00, 5.00, 0.60, 125000000.00, 38446.00, 14878.00, 53324.00, '2025-07-07 17:35:12.650502+00', '2025-07-07 17:35:12.650502+00');
INSERT INTO public.charitable_donation_details (id, strategy_detail_id, donation_amount, fmv_multiplier, agi_limit, deduction_value, federal_savings, state_savings, total_benefit, created_at, updated_at) VALUES ('04921dc6-3343-471b-a7be-40823f18f184', '536d057e-36be-443e-a9a1-4ed72e6d558e', 2500000.00, 5.00, 0.60, 12500000.00, 38446.00, 14878.00, 53324.00, '2025-07-07 17:35:12.952299+00', '2025-07-07 17:35:12.952299+00');
INSERT INTO public.charitable_donation_details (id, strategy_detail_id, donation_amount, fmv_multiplier, agi_limit, deduction_value, federal_savings, state_savings, total_benefit, created_at, updated_at) VALUES ('94ac96ae-19e9-46a8-9fc2-44fe098eac26', '536d057e-36be-443e-a9a1-4ed72e6d558e', 250000.00, 5.00, 0.60, 1250000.00, 38446.00, 14878.00, 53324.00, '2025-07-07 17:35:13.066582+00', '2025-07-07 17:35:13.066582+00');
INSERT INTO public.charitable_donation_details (id, strategy_detail_id, donation_amount, fmv_multiplier, agi_limit, deduction_value, federal_savings, state_savings, total_benefit, created_at, updated_at) VALUES ('2ec0918d-af06-4d6f-9a74-78cd189a2d77', '536d057e-36be-443e-a9a1-4ed72e6d558e', 25000.00, 5.00, 0.60, 125000.00, 21134.00, 6714.00, 27848.00, '2025-07-07 17:35:17.380992+00', '2025-07-07 17:35:17.380992+00');
INSERT INTO public.charitable_donation_details (id, strategy_detail_id, donation_amount, fmv_multiplier, agi_limit, deduction_value, federal_savings, state_savings, total_benefit, created_at, updated_at) VALUES ('e11e2555-fffb-48d8-8b2c-1500292700c0', '536d057e-36be-443e-a9a1-4ed72e6d558e', 25000.00, 5.00, 0.60, 125000.00, 21134.00, 6714.00, 27848.00, '2025-07-07 17:43:22.342143+00', '2025-07-07 17:43:22.342143+00');
INSERT INTO public.charitable_donation_details (id, strategy_detail_id, donation_amount, fmv_multiplier, agi_limit, deduction_value, federal_savings, state_savings, total_benefit, created_at, updated_at) VALUES ('2af0ea1e-648a-4008-a922-7869a52c02b7', '536d057e-36be-443e-a9a1-4ed72e6d558e', 25000.00, 5.00, 0.60, 125000.00, 21134.00, 6714.00, 27848.00, '2025-07-07 17:43:22.405575+00', '2025-07-07 17:43:22.405575+00');
INSERT INTO public.charitable_donation_details (id, strategy_detail_id, donation_amount, fmv_multiplier, agi_limit, deduction_value, federal_savings, state_savings, total_benefit, created_at, updated_at) VALUES ('e6e3d99d-9357-4089-9c9e-f7c514c2f3dd', '536d057e-36be-443e-a9a1-4ed72e6d558e', 25000.00, 5.00, 0.60, 125000.00, 21134.00, 6714.00, 27848.00, '2025-07-07 17:43:22.530933+00', '2025-07-07 17:43:22.530933+00');
INSERT INTO public.charitable_donation_details (id, strategy_detail_id, donation_amount, fmv_multiplier, agi_limit, deduction_value, federal_savings, state_savings, total_benefit, created_at, updated_at) VALUES ('61702166-81d2-436c-ad01-c37a89f728f8', '536d057e-36be-443e-a9a1-4ed72e6d558e', 30000.00, 5.00, 0.60, 150000.00, 26634.00, 8439.00, 35073.00, '2025-07-07 17:43:27.398361+00', '2025-07-07 17:43:27.398361+00');
INSERT INTO public.charitable_donation_details (id, strategy_detail_id, donation_amount, fmv_multiplier, agi_limit, deduction_value, federal_savings, state_savings, total_benefit, created_at, updated_at) VALUES ('855016ee-41cd-4869-9021-5709ea52d91b', '536d057e-36be-443e-a9a1-4ed72e6d558e', 25000.00, 5.00, 0.60, 125000.00, 21134.00, 6714.00, 27848.00, '2025-07-07 17:43:29.279764+00', '2025-07-07 17:43:29.279764+00');
INSERT INTO public.charitable_donation_details (id, strategy_detail_id, donation_amount, fmv_multiplier, agi_limit, deduction_value, federal_savings, state_savings, total_benefit, created_at, updated_at) VALUES ('c95747a5-9d0a-4d87-a92b-aef0b6a3a12e', '536d057e-36be-443e-a9a1-4ed72e6d558e', 0.00, 5.00, 0.60, 0.00, 0.00, 0.00, 0.00, '2025-07-07 17:43:30.00288+00', '2025-07-07 17:43:30.00288+00');
INSERT INTO public.charitable_donation_details (id, strategy_detail_id, donation_amount, fmv_multiplier, agi_limit, deduction_value, federal_savings, state_savings, total_benefit, created_at, updated_at) VALUES ('5c6335b5-fb1d-4abe-8873-5f555f961210', '536d057e-36be-443e-a9a1-4ed72e6d558e', 34444.00, 5.00, 0.60, 172220.00, 34109.00, 6975.00, 41084.00, '2025-07-07 18:26:02.738717+00', '2025-07-07 18:26:02.738717+00');
INSERT INTO public.charitable_donation_details (id, strategy_detail_id, donation_amount, fmv_multiplier, agi_limit, deduction_value, federal_savings, state_savings, total_benefit, created_at, updated_at) VALUES ('56c8dff3-ddcf-4d71-8091-41c312502705', '536d057e-36be-443e-a9a1-4ed72e6d558e', 34444.00, 5.00, 0.60, 172220.00, 34109.00, 6975.00, 41084.00, '2025-07-07 18:26:02.807293+00', '2025-07-07 18:26:02.807293+00');
INSERT INTO public.charitable_donation_details (id, strategy_detail_id, donation_amount, fmv_multiplier, agi_limit, deduction_value, federal_savings, state_savings, total_benefit, created_at, updated_at) VALUES ('f529347f-b705-48fc-ab58-8fa052660e74', '536d057e-36be-443e-a9a1-4ed72e6d558e', 34444.00, 5.00, 0.60, 172220.00, 34109.00, 6975.00, 41084.00, '2025-07-07 18:26:02.877836+00', '2025-07-07 18:26:02.877836+00');
INSERT INTO public.charitable_donation_details (id, strategy_detail_id, donation_amount, fmv_multiplier, agi_limit, deduction_value, federal_savings, state_savings, total_benefit, created_at, updated_at) VALUES ('07a1d59f-f2c5-4bfb-ab6d-dcdadea923c1', '536d057e-36be-443e-a9a1-4ed72e6d558e', 25000.00, 5.00, 0.60, 125000.00, 22776.00, 5062.00, 27838.00, '2025-07-07 18:26:08.871562+00', '2025-07-07 18:26:08.871562+00');
INSERT INTO public.charitable_donation_details (id, strategy_detail_id, donation_amount, fmv_multiplier, agi_limit, deduction_value, federal_savings, state_savings, total_benefit, created_at, updated_at) VALUES ('5d207256-0276-46ac-b0e1-cde3c3389a3c', '536d057e-36be-443e-a9a1-4ed72e6d558e', 0.00, 5.00, 0.60, 0.00, 0.00, 0.00, 0.00, '2025-07-07 18:26:11.458539+00', '2025-07-07 18:26:11.458539+00');
INSERT INTO public.charitable_donation_details (id, strategy_detail_id, donation_amount, fmv_multiplier, agi_limit, deduction_value, federal_savings, state_savings, total_benefit, created_at, updated_at) VALUES ('c744dc00-5ad8-4b02-ab08-9bf5522970c3', '536d057e-36be-443e-a9a1-4ed72e6d558e', 25000.00, 5.00, 0.60, 125000.00, 22776.00, 5062.00, 27838.00, '2025-07-07 18:26:12.667924+00', '2025-07-07 18:26:12.667924+00');
INSERT INTO public.charitable_donation_details (id, strategy_detail_id, donation_amount, fmv_multiplier, agi_limit, deduction_value, federal_savings, state_savings, total_benefit, created_at, updated_at) VALUES ('f00c0081-97f3-4512-bbf4-eb41d40153c0', '536d057e-36be-443e-a9a1-4ed72e6d558e', 30000.00, 5.00, 0.60, 150000.00, 28776.00, 6075.00, 34851.00, '2025-07-07 18:26:18.695872+00', '2025-07-07 18:26:18.695872+00');
INSERT INTO public.charitable_donation_details (id, strategy_detail_id, donation_amount, fmv_multiplier, agi_limit, deduction_value, federal_savings, state_savings, total_benefit, created_at, updated_at) VALUES ('b9b42327-38fc-4432-b297-0aae0b01af7b', '536d057e-36be-443e-a9a1-4ed72e6d558e', 30000.00, 5.00, 0.60, 150000.00, 28776.00, 6075.00, 34851.00, '2025-07-07 18:26:24.949764+00', '2025-07-07 18:26:24.949764+00');
INSERT INTO public.charitable_donation_details (id, strategy_detail_id, donation_amount, fmv_multiplier, agi_limit, deduction_value, federal_savings, state_savings, total_benefit, created_at, updated_at) VALUES ('53c9485b-0a0c-4a82-8775-a21eedbdd065', '536d057e-36be-443e-a9a1-4ed72e6d558e', 30000.00, 5.00, 0.60, 150000.00, 28776.00, 6075.00, 34851.00, '2025-07-07 18:26:25.014003+00', '2025-07-07 18:26:25.014003+00');
INSERT INTO public.charitable_donation_details (id, strategy_detail_id, donation_amount, fmv_multiplier, agi_limit, deduction_value, federal_savings, state_savings, total_benefit, created_at, updated_at) VALUES ('f8e628fa-5956-42f9-a3a6-348a8c521033', '536d057e-36be-443e-a9a1-4ed72e6d558e', 30000.00, 5.00, 0.60, 150000.00, 28776.00, 6075.00, 34851.00, '2025-07-07 18:26:25.077037+00', '2025-07-07 18:26:25.077037+00');
INSERT INTO public.charitable_donation_details (id, strategy_detail_id, donation_amount, fmv_multiplier, agi_limit, deduction_value, federal_savings, state_savings, total_benefit, created_at, updated_at) VALUES ('7cd0a1cb-0af8-429a-9196-f1e8ec506a8f', '536d057e-36be-443e-a9a1-4ed72e6d558e', 300003.00, 5.00, 0.60, 1500015.00, 76846.00, 16605.00, 93451.00, '2025-07-07 18:26:28.120752+00', '2025-07-07 18:26:28.120752+00');
INSERT INTO public.charitable_donation_details (id, strategy_detail_id, donation_amount, fmv_multiplier, agi_limit, deduction_value, federal_savings, state_savings, total_benefit, created_at, updated_at) VALUES ('a45f7463-c647-453e-9b83-e77e1941ba41', '536d057e-36be-443e-a9a1-4ed72e6d558e', 30000.00, 5.00, 0.60, 150000.00, 28776.00, 6075.00, 34851.00, '2025-07-07 18:26:29.067547+00', '2025-07-07 18:26:29.067547+00');
INSERT INTO public.charitable_donation_details (id, strategy_detail_id, donation_amount, fmv_multiplier, agi_limit, deduction_value, federal_savings, state_savings, total_benefit, created_at, updated_at) VALUES ('f0619800-e372-4a93-9bdf-d5ceb83d65e6', '536d057e-36be-443e-a9a1-4ed72e6d558e', 25000.00, 5.00, 0.60, 125000.00, 22776.00, 5062.00, 27838.00, '2025-07-07 18:26:29.904529+00', '2025-07-07 18:26:29.904529+00');
INSERT INTO public.charitable_donation_details (id, strategy_detail_id, donation_amount, fmv_multiplier, agi_limit, deduction_value, federal_savings, state_savings, total_benefit, created_at, updated_at) VALUES ('dd4581e2-62ed-4760-bb08-a57eacda797d', '536d057e-36be-443e-a9a1-4ed72e6d558e', 0.00, 5.00, 0.60, 0.00, 0.00, 0.00, 0.00, '2025-07-07 18:26:32.275313+00', '2025-07-07 18:26:32.275313+00');
INSERT INTO public.charitable_donation_details (id, strategy_detail_id, donation_amount, fmv_multiplier, agi_limit, deduction_value, federal_savings, state_savings, total_benefit, created_at, updated_at) VALUES ('bb24ee2f-0f4d-4b07-9381-377e60395796', '536d057e-36be-443e-a9a1-4ed72e6d558e', 25000.00, 5.00, 0.60, 125000.00, 22776.00, 5062.00, 27838.00, '2025-07-07 18:26:36.272284+00', '2025-07-07 18:26:36.272284+00');
INSERT INTO public.charitable_donation_details (id, strategy_detail_id, donation_amount, fmv_multiplier, agi_limit, deduction_value, federal_savings, state_savings, total_benefit, created_at, updated_at) VALUES ('802b0640-09ab-44f8-b330-de5816b73b98', '536d057e-36be-443e-a9a1-4ed72e6d558e', 0.00, 5.00, 0.60, 0.00, 0.00, 0.00, 0.00, '2025-07-07 18:26:41.346377+00', '2025-07-07 18:26:41.346377+00');
INSERT INTO public.charitable_donation_details (id, strategy_detail_id, donation_amount, fmv_multiplier, agi_limit, deduction_value, federal_savings, state_savings, total_benefit, created_at, updated_at) VALUES ('f8459108-56bf-4d64-a61d-78218942e224', '536d057e-36be-443e-a9a1-4ed72e6d558e', 25000.00, 5.00, 0.60, 125000.00, 22776.00, 5062.00, 27838.00, '2025-07-07 18:26:43.915865+00', '2025-07-07 18:26:43.915865+00');
INSERT INTO public.charitable_donation_details (id, strategy_detail_id, donation_amount, fmv_multiplier, agi_limit, deduction_value, federal_savings, state_savings, total_benefit, created_at, updated_at) VALUES ('ff30e395-599f-49aa-959c-9e5d44867974', '536d057e-36be-443e-a9a1-4ed72e6d558e', 0.00, 5.00, 0.60, 0.00, 0.00, 0.00, 0.00, '2025-07-07 18:26:48.328067+00', '2025-07-07 18:26:48.328067+00');
INSERT INTO public.charitable_donation_details (id, strategy_detail_id, donation_amount, fmv_multiplier, agi_limit, deduction_value, federal_savings, state_savings, total_benefit, created_at, updated_at) VALUES ('d2c6cfb5-4087-4f7d-8156-f08ccdcfe1af', '536d057e-36be-443e-a9a1-4ed72e6d558e', 25000.00, 5.00, 0.60, 125000.00, 22776.00, 5062.00, 27838.00, '2025-07-07 18:26:49.702746+00', '2025-07-07 18:26:49.702746+00');
INSERT INTO public.charitable_donation_details (id, strategy_detail_id, donation_amount, fmv_multiplier, agi_limit, deduction_value, federal_savings, state_savings, total_benefit, created_at, updated_at) VALUES ('1711150e-aed8-46dc-96ad-eaab95952c61', '536d057e-36be-443e-a9a1-4ed72e6d558e', 25000.00, 5.00, 0.60, 125000.00, 22776.00, 5062.00, 27838.00, '2025-07-07 18:27:01.004308+00', '2025-07-07 18:27:01.004308+00');
INSERT INTO public.charitable_donation_details (id, strategy_detail_id, donation_amount, fmv_multiplier, agi_limit, deduction_value, federal_savings, state_savings, total_benefit, created_at, updated_at) VALUES ('4df6c224-0609-4b72-bc59-e23e2855656d', '536d057e-36be-443e-a9a1-4ed72e6d558e', 25000.00, 5.00, 0.60, 125000.00, 22776.00, 5062.00, 27838.00, '2025-07-07 18:27:01.074349+00', '2025-07-07 18:27:01.074349+00');
INSERT INTO public.charitable_donation_details (id, strategy_detail_id, donation_amount, fmv_multiplier, agi_limit, deduction_value, federal_savings, state_savings, total_benefit, created_at, updated_at) VALUES ('4898ded7-f521-406e-91b6-26d4ab4c5b52', '536d057e-36be-443e-a9a1-4ed72e6d558e', 25000.00, 5.00, 0.60, 125000.00, 22776.00, 5062.00, 27838.00, '2025-07-07 18:27:03.349217+00', '2025-07-07 18:27:03.349217+00');
INSERT INTO public.charitable_donation_details (id, strategy_detail_id, donation_amount, fmv_multiplier, agi_limit, deduction_value, federal_savings, state_savings, total_benefit, created_at, updated_at) VALUES ('bdfe5927-8e2c-42b0-9b9c-b9769718adc6', '536d057e-36be-443e-a9a1-4ed72e6d558e', 25000.00, 5.00, 0.60, 125000.00, 22776.00, 5062.00, 27838.00, '2025-07-07 18:27:03.393704+00', '2025-07-07 18:27:03.393704+00');
INSERT INTO public.charitable_donation_details (id, strategy_detail_id, donation_amount, fmv_multiplier, agi_limit, deduction_value, federal_savings, state_savings, total_benefit, created_at, updated_at) VALUES ('4805973e-d626-493e-aa61-385e96d1c4a9', '536d057e-36be-443e-a9a1-4ed72e6d558e', 25000.00, 5.00, 0.60, 125000.00, 22776.00, 5062.00, 27838.00, '2025-07-07 18:27:04.809991+00', '2025-07-07 18:27:04.809991+00');
INSERT INTO public.charitable_donation_details (id, strategy_detail_id, donation_amount, fmv_multiplier, agi_limit, deduction_value, federal_savings, state_savings, total_benefit, created_at, updated_at) VALUES ('4731e597-130f-4b1d-9689-cb458782dcc1', '536d057e-36be-443e-a9a1-4ed72e6d558e', 25000.00, 5.00, 0.60, 125000.00, 22776.00, 5062.00, 27838.00, '2025-07-07 18:27:04.87683+00', '2025-07-07 18:27:04.87683+00');
INSERT INTO public.charitable_donation_details (id, strategy_detail_id, donation_amount, fmv_multiplier, agi_limit, deduction_value, federal_savings, state_savings, total_benefit, created_at, updated_at) VALUES ('def1318f-03d1-45d8-94f2-bbe8263355f5', '536d057e-36be-443e-a9a1-4ed72e6d558e', 25000.00, 5.00, 0.60, 125000.00, 22776.00, 5062.00, 27838.00, '2025-07-07 18:27:05.704836+00', '2025-07-07 18:27:05.704836+00');
INSERT INTO public.charitable_donation_details (id, strategy_detail_id, donation_amount, fmv_multiplier, agi_limit, deduction_value, federal_savings, state_savings, total_benefit, created_at, updated_at) VALUES ('091a7bad-8b42-4659-943c-9fb98eeeb22c', '536d057e-36be-443e-a9a1-4ed72e6d558e', 25000.00, 5.00, 0.60, 125000.00, 22776.00, 5062.00, 27838.00, '2025-07-07 18:27:05.777284+00', '2025-07-07 18:27:05.777284+00');
INSERT INTO public.charitable_donation_details (id, strategy_detail_id, donation_amount, fmv_multiplier, agi_limit, deduction_value, federal_savings, state_savings, total_benefit, created_at, updated_at) VALUES ('f03f50a9-7065-4ba7-a77e-6d51f3d04ce6', '536d057e-36be-443e-a9a1-4ed72e6d558e', 25000.00, 5.00, 0.60, 125000.00, 22776.00, 5062.00, 27838.00, '2025-07-07 18:27:06.612667+00', '2025-07-07 18:27:06.612667+00');
INSERT INTO public.charitable_donation_details (id, strategy_detail_id, donation_amount, fmv_multiplier, agi_limit, deduction_value, federal_savings, state_savings, total_benefit, created_at, updated_at) VALUES ('fc4581f7-816c-4cf8-ac8f-9a2ba799e929', '536d057e-36be-443e-a9a1-4ed72e6d558e', 25000.00, 5.00, 0.60, 125000.00, 22776.00, 5062.00, 27838.00, '2025-07-07 18:27:06.690495+00', '2025-07-07 18:27:06.690495+00');
INSERT INTO public.charitable_donation_details (id, strategy_detail_id, donation_amount, fmv_multiplier, agi_limit, deduction_value, federal_savings, state_savings, total_benefit, created_at, updated_at) VALUES ('2c7967b6-7e88-450c-9bbd-b462edeec9a2', '536d057e-36be-443e-a9a1-4ed72e6d558e', 25000.00, 5.00, 0.60, 125000.00, 22776.00, 5062.00, 27838.00, '2025-07-07 18:27:06.749002+00', '2025-07-07 18:27:06.749002+00');
INSERT INTO public.charitable_donation_details (id, strategy_detail_id, donation_amount, fmv_multiplier, agi_limit, deduction_value, federal_savings, state_savings, total_benefit, created_at, updated_at) VALUES ('fca4789c-84eb-4d62-8271-25bfa52ddaf1', '536d057e-36be-443e-a9a1-4ed72e6d558e', 30000.00, 5.00, 0.60, 150000.00, 28776.00, 6075.00, 34851.00, '2025-07-07 18:27:11.04961+00', '2025-07-07 18:27:11.04961+00');
INSERT INTO public.charitable_donation_details (id, strategy_detail_id, donation_amount, fmv_multiplier, agi_limit, deduction_value, federal_savings, state_savings, total_benefit, created_at, updated_at) VALUES ('fb392957-3ecd-47c9-b006-40c370354f5a', '536d057e-36be-443e-a9a1-4ed72e6d558e', 25000.00, 5.00, 0.60, 125000.00, 22776.00, 5062.00, 27838.00, '2025-07-07 18:27:12.721653+00', '2025-07-07 18:27:12.721653+00');
INSERT INTO public.charitable_donation_details (id, strategy_detail_id, donation_amount, fmv_multiplier, agi_limit, deduction_value, federal_savings, state_savings, total_benefit, created_at, updated_at) VALUES ('ae426bae-0e72-41ac-b3a9-2032ce9a312f', '536d057e-36be-443e-a9a1-4ed72e6d558e', 0.00, 5.00, 0.60, 0.00, 0.00, 0.00, 0.00, '2025-07-07 18:27:13.65611+00', '2025-07-07 18:27:13.65611+00');
INSERT INTO public.charitable_donation_details (id, strategy_detail_id, donation_amount, fmv_multiplier, agi_limit, deduction_value, federal_savings, state_savings, total_benefit, created_at, updated_at) VALUES ('499ea04f-a1e1-4fec-aee1-66e7ed3041c4', '536d057e-36be-443e-a9a1-4ed72e6d558e', 25000.00, 5.00, 0.60, 125000.00, 22776.00, 5062.00, 27838.00, '2025-07-07 18:27:27.259802+00', '2025-07-07 18:27:27.259802+00');
INSERT INTO public.charitable_donation_details (id, strategy_detail_id, donation_amount, fmv_multiplier, agi_limit, deduction_value, federal_savings, state_savings, total_benefit, created_at, updated_at) VALUES ('47343ff1-8e7b-461c-a7f5-e7f8e716f4af', '536d057e-36be-443e-a9a1-4ed72e6d558e', 0.00, 5.00, 0.60, 0.00, 0.00, 0.00, 0.00, '2025-07-07 18:27:31.275284+00', '2025-07-07 18:27:31.275284+00');
INSERT INTO public.charitable_donation_details (id, strategy_detail_id, donation_amount, fmv_multiplier, agi_limit, deduction_value, federal_savings, state_savings, total_benefit, created_at, updated_at) VALUES ('5021043c-9fe8-4f70-9cec-aed112d19fbd', '536d057e-36be-443e-a9a1-4ed72e6d558e', 25000.00, 5.00, 0.60, 125000.00, 22776.00, 5062.00, 27838.00, '2025-07-07 18:27:32.297118+00', '2025-07-07 18:27:32.297118+00');
INSERT INTO public.charitable_donation_details (id, strategy_detail_id, donation_amount, fmv_multiplier, agi_limit, deduction_value, federal_savings, state_savings, total_benefit, created_at, updated_at) VALUES ('cfe4402c-9886-42d7-b13a-3d1fac3a0f7b', '536d057e-36be-443e-a9a1-4ed72e6d558e', 0.00, 5.00, 0.60, 0.00, 0.00, 0.00, 0.00, '2025-07-07 18:27:35.050391+00', '2025-07-07 18:27:35.050391+00');
INSERT INTO public.charitable_donation_details (id, strategy_detail_id, donation_amount, fmv_multiplier, agi_limit, deduction_value, federal_savings, state_savings, total_benefit, created_at, updated_at) VALUES ('57a7a2ee-c3f8-4c6c-8e1b-127c7083cd75', '536d057e-36be-443e-a9a1-4ed72e6d558e', 25000.00, 5.00, 0.60, 125000.00, 22776.00, 5062.00, 27838.00, '2025-07-07 18:27:35.193969+00', '2025-07-07 18:27:35.193969+00');
INSERT INTO public.charitable_donation_details (id, strategy_detail_id, donation_amount, fmv_multiplier, agi_limit, deduction_value, federal_savings, state_savings, total_benefit, created_at, updated_at) VALUES ('760f344d-893f-488a-8b09-bc96182f5911', '536d057e-36be-443e-a9a1-4ed72e6d558e', 30000.00, 5.00, 0.60, 150000.00, 28776.00, 6075.00, 34851.00, '2025-07-07 18:27:39.510173+00', '2025-07-07 18:27:39.510173+00');
INSERT INTO public.charitable_donation_details (id, strategy_detail_id, donation_amount, fmv_multiplier, agi_limit, deduction_value, federal_savings, state_savings, total_benefit, created_at, updated_at) VALUES ('bbbd290d-6960-4705-9402-ef451458cb75', '536d057e-36be-443e-a9a1-4ed72e6d558e', 30000.00, 5.00, 0.60, 150000.00, 28776.00, 6075.00, 34851.00, '2025-07-07 18:28:03.801503+00', '2025-07-07 18:28:03.801503+00');
INSERT INTO public.charitable_donation_details (id, strategy_detail_id, donation_amount, fmv_multiplier, agi_limit, deduction_value, federal_savings, state_savings, total_benefit, created_at, updated_at) VALUES ('005fe2c0-f8cd-4cc6-ac17-b1e2404e53b8', '536d057e-36be-443e-a9a1-4ed72e6d558e', 30000.00, 5.00, 0.60, 150000.00, 28776.00, 6075.00, 34851.00, '2025-07-07 18:28:03.864531+00', '2025-07-07 18:28:03.864531+00');
INSERT INTO public.charitable_donation_details (id, strategy_detail_id, donation_amount, fmv_multiplier, agi_limit, deduction_value, federal_savings, state_savings, total_benefit, created_at, updated_at) VALUES ('15957bf8-83ff-450b-bca9-6e5bf2df5781', '536d057e-36be-443e-a9a1-4ed72e6d558e', 30000.00, 5.00, 0.60, 150000.00, 28776.00, 6075.00, 34851.00, '2025-07-07 18:28:03.927147+00', '2025-07-07 18:28:03.927147+00');
INSERT INTO public.charitable_donation_details (id, strategy_detail_id, donation_amount, fmv_multiplier, agi_limit, deduction_value, federal_savings, state_savings, total_benefit, created_at, updated_at) VALUES ('81c65dea-4f96-47c3-98e5-e3c207da8a41', '536d057e-36be-443e-a9a1-4ed72e6d558e', 30000.00, 5.00, 0.60, 150000.00, 28776.00, 6075.00, 34851.00, '2025-07-07 18:35:31.771849+00', '2025-07-07 18:35:31.771849+00');
INSERT INTO public.charitable_donation_details (id, strategy_detail_id, donation_amount, fmv_multiplier, agi_limit, deduction_value, federal_savings, state_savings, total_benefit, created_at, updated_at) VALUES ('5bc8a776-3eed-408b-bb6b-6e1460007337', '536d057e-36be-443e-a9a1-4ed72e6d558e', 30000.00, 5.00, 0.60, 150000.00, 28776.00, 6075.00, 34851.00, '2025-07-07 18:35:31.814069+00', '2025-07-07 18:35:31.814069+00');
INSERT INTO public.charitable_donation_details (id, strategy_detail_id, donation_amount, fmv_multiplier, agi_limit, deduction_value, federal_savings, state_savings, total_benefit, created_at, updated_at) VALUES ('4885d91c-2bcb-470f-9f53-9d4a096727eb', '536d057e-36be-443e-a9a1-4ed72e6d558e', 30000.00, 5.00, 0.60, 150000.00, 28776.00, 6075.00, 34851.00, '2025-07-07 18:35:31.904104+00', '2025-07-07 18:35:31.904104+00');
INSERT INTO public.charitable_donation_details (id, strategy_detail_id, donation_amount, fmv_multiplier, agi_limit, deduction_value, federal_savings, state_savings, total_benefit, created_at, updated_at) VALUES ('794de198-7c80-4c7f-a39a-55977b6f98c4', '536d057e-36be-443e-a9a1-4ed72e6d558e', 30000.00, 5.00, 0.60, 150000.00, 28776.00, 6075.00, 34851.00, '2025-07-07 18:36:46.221346+00', '2025-07-07 18:36:46.221346+00');
INSERT INTO public.charitable_donation_details (id, strategy_detail_id, donation_amount, fmv_multiplier, agi_limit, deduction_value, federal_savings, state_savings, total_benefit, created_at, updated_at) VALUES ('4ce34247-3ed3-471b-b59f-b957955420e1', '536d057e-36be-443e-a9a1-4ed72e6d558e', 30000.00, 5.00, 0.60, 150000.00, 28776.00, 6075.00, 34851.00, '2025-07-07 18:36:46.353847+00', '2025-07-07 18:36:46.353847+00');
INSERT INTO public.charitable_donation_details (id, strategy_detail_id, donation_amount, fmv_multiplier, agi_limit, deduction_value, federal_savings, state_savings, total_benefit, created_at, updated_at) VALUES ('eed3be64-3595-4e10-bbc4-abff2e3aad31', '536d057e-36be-443e-a9a1-4ed72e6d558e', 30000.00, 5.00, 0.60, 150000.00, 28776.00, 6075.00, 34851.00, '2025-07-07 18:36:46.429185+00', '2025-07-07 18:36:46.429185+00');
INSERT INTO public.charitable_donation_details (id, strategy_detail_id, donation_amount, fmv_multiplier, agi_limit, deduction_value, federal_savings, state_savings, total_benefit, created_at, updated_at) VALUES ('6202ffc8-54d7-4218-814f-feca640f97c2', '536d057e-36be-443e-a9a1-4ed72e6d558e', 25000.00, 5.00, 0.60, 125000.00, 22776.00, 5062.00, 27838.00, '2025-07-07 18:36:49.128455+00', '2025-07-07 18:36:49.128455+00');
INSERT INTO public.charitable_donation_details (id, strategy_detail_id, donation_amount, fmv_multiplier, agi_limit, deduction_value, federal_savings, state_savings, total_benefit, created_at, updated_at) VALUES ('6ba40968-1837-4e92-8459-c191e1d53de1', '536d057e-36be-443e-a9a1-4ed72e6d558e', 25000.00, 5.00, 0.60, 125000.00, 22776.00, 5062.00, 27838.00, '2025-07-07 18:40:48.971464+00', '2025-07-07 18:40:48.971464+00');
INSERT INTO public.charitable_donation_details (id, strategy_detail_id, donation_amount, fmv_multiplier, agi_limit, deduction_value, federal_savings, state_savings, total_benefit, created_at, updated_at) VALUES ('6f8193d1-efe6-463e-8a9b-52a4552a1d82', '536d057e-36be-443e-a9a1-4ed72e6d558e', 25000.00, 5.00, 0.60, 125000.00, 22776.00, 5062.00, 27838.00, '2025-07-07 18:40:49.062832+00', '2025-07-07 18:40:49.062832+00');
INSERT INTO public.charitable_donation_details (id, strategy_detail_id, donation_amount, fmv_multiplier, agi_limit, deduction_value, federal_savings, state_savings, total_benefit, created_at, updated_at) VALUES ('e7cac7dd-9ca8-4849-99dc-7c596e42b8e8', '536d057e-36be-443e-a9a1-4ed72e6d558e', 25000.00, 5.00, 0.60, 125000.00, 22776.00, 5062.00, 27838.00, '2025-07-07 18:40:49.201369+00', '2025-07-07 18:40:49.201369+00');
INSERT INTO public.charitable_donation_details (id, strategy_detail_id, donation_amount, fmv_multiplier, agi_limit, deduction_value, federal_savings, state_savings, total_benefit, created_at, updated_at) VALUES ('46be9754-4c76-4952-b631-180eb87054ea', '536d057e-36be-443e-a9a1-4ed72e6d558e', 25000.00, 5.00, 0.60, 125000.00, 22776.00, 5062.00, 27838.00, '2025-07-07 18:53:31.905383+00', '2025-07-07 18:53:31.905383+00');
INSERT INTO public.charitable_donation_details (id, strategy_detail_id, donation_amount, fmv_multiplier, agi_limit, deduction_value, federal_savings, state_savings, total_benefit, created_at, updated_at) VALUES ('2a1c58ca-49fa-4953-bac8-2e294745067d', '536d057e-36be-443e-a9a1-4ed72e6d558e', 25000.00, 5.00, 0.60, 125000.00, 22776.00, 5062.00, 27838.00, '2025-07-07 18:53:31.973223+00', '2025-07-07 18:53:31.973223+00');
INSERT INTO public.charitable_donation_details (id, strategy_detail_id, donation_amount, fmv_multiplier, agi_limit, deduction_value, federal_savings, state_savings, total_benefit, created_at, updated_at) VALUES ('6a3fa9e0-1164-48e3-b143-e326d1708a33', '536d057e-36be-443e-a9a1-4ed72e6d558e', 25000.00, 5.00, 0.60, 125000.00, 22776.00, 5062.00, 27838.00, '2025-07-07 18:53:32.035047+00', '2025-07-07 18:53:32.035047+00');
INSERT INTO public.charitable_donation_details (id, strategy_detail_id, donation_amount, fmv_multiplier, agi_limit, deduction_value, federal_savings, state_savings, total_benefit, created_at, updated_at) VALUES ('78fb0e8a-b14b-4fe1-8e93-791e9079bf69', '536d057e-36be-443e-a9a1-4ed72e6d558e', 25000.00, 5.00, 0.60, 125000.00, 22776.00, 5062.00, 27838.00, '2025-07-07 19:07:28.568147+00', '2025-07-07 19:07:28.568147+00');
INSERT INTO public.charitable_donation_details (id, strategy_detail_id, donation_amount, fmv_multiplier, agi_limit, deduction_value, federal_savings, state_savings, total_benefit, created_at, updated_at) VALUES ('ec6c7957-c409-4e82-bce8-2a00390a73d9', '536d057e-36be-443e-a9a1-4ed72e6d558e', 25000.00, 5.00, 0.60, 125000.00, 22776.00, 5062.00, 27838.00, '2025-07-07 19:07:28.590902+00', '2025-07-07 19:07:28.590902+00');
INSERT INTO public.charitable_donation_details (id, strategy_detail_id, donation_amount, fmv_multiplier, agi_limit, deduction_value, federal_savings, state_savings, total_benefit, created_at, updated_at) VALUES ('54826325-fca6-44d0-b2d1-95fa97574f45', '536d057e-36be-443e-a9a1-4ed72e6d558e', 25000.00, 5.00, 0.60, 125000.00, 22776.00, 5062.00, 27838.00, '2025-07-07 19:07:28.655043+00', '2025-07-07 19:07:28.655043+00');
INSERT INTO public.charitable_donation_details (id, strategy_detail_id, donation_amount, fmv_multiplier, agi_limit, deduction_value, federal_savings, state_savings, total_benefit, created_at, updated_at) VALUES ('5d84d023-4bd5-43a9-940e-68392849658e', '536d057e-36be-443e-a9a1-4ed72e6d558e', 30000.00, 5.00, 0.60, 150000.00, 28776.00, 6075.00, 34851.00, '2025-07-07 19:07:33.850736+00', '2025-07-07 19:07:33.850736+00');


--

-- Data for table: experts
-- Data for Name: experts; Type: TABLE DATA; Schema: public; Owner: postgres

--



--

-- Data for table: commission_transactions
-- Data for Name: commission_transactions; Type: TABLE DATA; Schema: public; Owner: postgres

--



--

-- Data for table: contractor_expenses
-- Data for Name: contractor_expenses; Type: TABLE DATA; Schema: public; Owner: postgres

--



--

-- Data for table: convertible_tax_bonds_details
-- Data for Name: convertible_tax_bonds_details; Type: TABLE DATA; Schema: public; Owner: postgres

--



--

-- Data for table: cost_segregation_details
-- Data for Name: cost_segregation_details; Type: TABLE DATA; Schema: public; Owner: postgres

--



--

-- Data for table: employees
-- Data for Name: employees; Type: TABLE DATA; Schema: public; Owner: postgres

--



--

-- Data for table: family_management_company_details
-- Data for Name: family_management_company_details; Type: TABLE DATA; Schema: public; Owner: postgres

--



--

-- Data for table: users
-- Data for Name: users; Type: TABLE DATA; Schema: public; Owner: postgres

--



--

-- Data for table: form_6765_overrides
-- Data for Name: form_6765_overrides; Type: TABLE DATA; Schema: public; Owner: postgres

--

INSERT INTO public.form_6765_overrides (id, client_id, business_year, section, line_number, value, last_modified_by, created_at, updated_at) VALUES ('2ff044da-cdb2-46d6-93ad-88afaa9205b4', 'bd2dcfec-2f15-45e4-83c0-ce9f7c52ef73', 2024, 'A', 6, 0.14, NULL, '2025-07-24 17:06:39.851424', '2025-07-24 17:06:58.929');
INSERT INTO public.form_6765_overrides (id, client_id, business_year, section, line_number, value, last_modified_by, created_at, updated_at) VALUES ('b45d983e-76b9-4ad8-b74b-b7c87e2d19ff', '5a0d27b2-968d-404d-b9ba-13599d691613', 2023, 'B', 24, 2993644.00, NULL, '2025-07-25 19:43:32.939861', '2025-07-25 19:43:34.638');
INSERT INTO public.form_6765_overrides (id, client_id, business_year, section, line_number, value, last_modified_by, created_at, updated_at) VALUES ('c1c49076-390c-49a3-80de-2c8194d454fc', '5a0d27b2-968d-404d-b9ba-13599d691613', 2023, 'B', 29, 1045014.00, NULL, '2025-07-25 19:54:38.979541', '2025-07-25 19:54:42.586');
INSERT INTO public.form_6765_overrides (id, client_id, business_year, section, line_number, value, last_modified_by, created_at, updated_at) VALUES ('6ab839a5-8e4e-4968-8fbc-1e8510f855c1', '5a0d27b2-968d-404d-b9ba-13599d691613', 2024, 'B', 21, 2799478.00, NULL, '2025-07-25 22:51:40.951452', '2025-07-25 22:51:40.853');


--

-- Data for table: hire_children_details
-- Data for Name: hire_children_details; Type: TABLE DATA; Schema: public; Owner: postgres

--



--

-- Data for table: leads
-- Data for Name: leads; Type: TABLE DATA; Schema: public; Owner: postgres

--



--

-- Data for table: personal_years
-- Data for Name: personal_years; Type: TABLE DATA; Schema: public; Owner: postgres

--

INSERT INTO public.personal_years (id, client_id, year, wages_income, passive_income, unearned_income, capital_gains, long_term_capital_gains, household_income, ordinary_income, is_active, created_at, updated_at) VALUES ('72d38aa3-b220-4bd0-af48-aad48e5b14ff', 'efd0fec6-4670-4310-9919-eb56b2ea9236', 2024, 75000.00, 5000.00, 2000.00, 3000.00, 2000.00, 82000.00, 80000.00, true, '2025-07-02 00:00:54.661411+00', '2025-07-02 00:00:54.661411+00');
INSERT INTO public.personal_years (id, client_id, year, wages_income, passive_income, unearned_income, capital_gains, long_term_capital_gains, household_income, ordinary_income, is_active, created_at, updated_at) VALUES ('295ef4e4-a576-4b1a-a5e1-a93e6b186bba', '37159fc4-f3f5-4690-acd4-13859f9a0c74', 2025, 510000.00, 0.00, 0.00, 0.00, 0.00, 310000.00, 0.00, true, '2025-07-07 19:25:21.932981+00', '2025-07-07 19:25:54.983918+00');
INSERT INTO public.personal_years (id, client_id, year, wages_income, passive_income, unearned_income, capital_gains, long_term_capital_gains, household_income, ordinary_income, is_active, created_at, updated_at) VALUES ('c9d9cd90-8311-4444-9852-feabd1c5cff0', '4d421d8e-7bf8-44ea-8da7-a3382cb39b6b', 2025, 0.00, 0.00, 0.00, 0.00, 0.00, 0.00, 0.00, true, '2025-07-17 17:27:52.80508+00', '2025-07-17 17:27:52.80508+00');
INSERT INTO public.personal_years (id, client_id, year, wages_income, passive_income, unearned_income, capital_gains, long_term_capital_gains, household_income, ordinary_income, is_active, created_at, updated_at) VALUES ('3eb3ddf6-fa4d-43f3-bb29-ed73aafd43f9', 'bd2dcfec-2f15-45e4-83c0-ce9f7c52ef73', 2025, 0.00, 0.00, 0.00, 0.00, 0.00, 0.00, 0.00, true, '2025-07-17 20:59:46.326784+00', '2025-07-17 20:59:46.326784+00');
INSERT INTO public.personal_years (id, client_id, year, wages_income, passive_income, unearned_income, capital_gains, long_term_capital_gains, household_income, ordinary_income, is_active, created_at, updated_at) VALUES ('c37c0e6f-ce6f-4d3d-bc78-2a642936be12', 'dce2e99a-ae77-4d90-a11c-ed898bff624f', 2025, 0.00, 0.00, 0.00, 0.00, 0.00, 0.00, 0.00, true, '2025-07-18 19:00:03.333893+00', '2025-07-18 19:00:03.333893+00');
INSERT INTO public.personal_years (id, client_id, year, wages_income, passive_income, unearned_income, capital_gains, long_term_capital_gains, household_income, ordinary_income, is_active, created_at, updated_at) VALUES ('d28846d1-a0fd-484e-b133-59cf4802fb2d', '1a9e91fc-f4d8-4c6c-a726-7b5628c5207c', 2025, 0.00, 0.00, 0.00, 0.00, 0.00, 0.00, 0.00, true, '2025-07-19 20:23:31.829088+00', '2025-07-19 20:23:31.829088+00');
INSERT INTO public.personal_years (id, client_id, year, wages_income, passive_income, unearned_income, capital_gains, long_term_capital_gains, household_income, ordinary_income, is_active, created_at, updated_at) VALUES ('82b6a564-24d0-4845-a6ce-fe73453d6a41', '1300de7c-22a9-4753-b8fe-b32ebf974413', 2025, 0.00, 0.00, 0.00, 0.00, 0.00, 0.00, 0.00, true, '2025-07-22 16:15:35.026205+00', '2025-07-22 16:15:35.026205+00');
INSERT INTO public.personal_years (id, client_id, year, wages_income, passive_income, unearned_income, capital_gains, long_term_capital_gains, household_income, ordinary_income, is_active, created_at, updated_at) VALUES ('aa401cf2-749b-49ce-903f-8bb9bd87f5dc', '2d9196d9-059b-4797-a0e0-8fc2a093c491', 2025, 0.00, 0.00, 0.00, 0.00, 0.00, 0.00, 0.00, true, '2025-07-23 14:48:31.190905+00', '2025-07-23 14:48:31.190905+00');
INSERT INTO public.personal_years (id, client_id, year, wages_income, passive_income, unearned_income, capital_gains, long_term_capital_gains, household_income, ordinary_income, is_active, created_at, updated_at) VALUES ('f2279f06-5d70-44e7-acf1-6f37b9f07886', 'eba6dae5-c5f3-4e60-bb7d-53aba48be9c5', 2025, 0.00, 0.00, 0.00, 0.00, 0.00, 0.00, 0.00, true, '2025-07-23 16:26:20.91058+00', '2025-07-23 16:26:20.91058+00');
INSERT INTO public.personal_years (id, client_id, year, wages_income, passive_income, unearned_income, capital_gains, long_term_capital_gains, household_income, ordinary_income, is_active, created_at, updated_at) VALUES ('2a40fbc9-2160-4bda-b34b-443ecb5cab39', 'bc673c80-3875-4681-bd60-8835aecdc802', 2025, 0.00, 0.00, 0.00, 0.00, 0.00, 0.00, 0.00, true, '2025-07-23 18:19:08.491936+00', '2025-07-23 18:19:08.491936+00');
INSERT INTO public.personal_years (id, client_id, year, wages_income, passive_income, unearned_income, capital_gains, long_term_capital_gains, household_income, ordinary_income, is_active, created_at, updated_at) VALUES ('7e59221b-1582-4f9c-8d0c-f38e9600e28d', '90830e88-8084-483f-9525-104a1464a61d', 2025, 0.00, 0.00, 0.00, 0.00, 0.00, 0.00, 0.00, true, '2025-07-23 19:28:35.370936+00', '2025-07-23 19:28:35.370936+00');
INSERT INTO public.personal_years (id, client_id, year, wages_income, passive_income, unearned_income, capital_gains, long_term_capital_gains, household_income, ordinary_income, is_active, created_at, updated_at) VALUES ('b43455c3-bb41-455b-9375-105cacaf2db9', '5a0d27b2-968d-404d-b9ba-13599d691613', 2025, 0.00, 0.00, 0.00, 0.00, 0.00, 0.00, 0.00, true, '2025-07-24 21:43:09.08135+00', '2025-07-24 21:43:09.08135+00');
INSERT INTO public.personal_years (id, client_id, year, wages_income, passive_income, unearned_income, capital_gains, long_term_capital_gains, household_income, ordinary_income, is_active, created_at, updated_at) VALUES ('30057319-44dc-47ce-b230-46b6499eea35', '8b81a809-c4af-448c-97ad-62ba92159e70', 2025, 250000.00, 0.00, 0.00, 10000.00, 0.00, 0.00, 0.00, true, '2025-07-26 11:00:35.806804+00', '2025-07-26 11:00:35.806804+00');
INSERT INTO public.personal_years (id, client_id, year, wages_income, passive_income, unearned_income, capital_gains, long_term_capital_gains, household_income, ordinary_income, is_active, created_at, updated_at) VALUES ('eda300b5-49c1-4d97-9225-4895246458a8', '018d0221-878e-4341-b2e7-5c017f0450da', 2025, 350000.00, 0.00, 0.00, 0.00, 0.00, 0.00, 0.00, true, '2025-07-28 21:01:49.060727+00', '2025-07-28 21:01:49.060727+00');
INSERT INTO public.personal_years (id, client_id, year, wages_income, passive_income, unearned_income, capital_gains, long_term_capital_gains, household_income, ordinary_income, is_active, created_at, updated_at) VALUES ('5db6fcc2-035f-4859-866f-681318c86211', '5a825b9a-56bd-4f9b-b2e6-83ff2fa1aaae', 2025, 0.00, 0.00, 0.00, 0.00, 0.00, 0.00, 0.00, true, '2025-07-28 21:28:28.594558+00', '2025-07-28 21:28:28.594558+00');


--

-- Data for table: proposal_assignments
-- Data for Name: proposal_assignments; Type: TABLE DATA; Schema: public; Owner: postgres

--



--

-- Data for table: proposal_timeline
-- Data for Name: proposal_timeline; Type: TABLE DATA; Schema: public; Owner: postgres

--



--

-- Data for table: rd_research_categories
-- Data for Name: rd_research_categories; Type: TABLE DATA; Schema: public; Owner: postgres

--

INSERT INTO public.rd_research_categories (id, name, created_at, updated_at, description) VALUES ('c39e89fd-4fdf-40c8-a93b-855c63d237bc', 'Healthcare', '2025-06-28 20:46:50.493278+00', '2025-06-28 20:46:50.493278+00', NULL);
INSERT INTO public.rd_research_categories (id, name, created_at, updated_at, description) VALUES ('480bf49f-abab-40d6-acaa-14c1dbe44b88', 'Software', '2025-07-24 18:59:40.014496+00', '2025-07-24 18:59:40.014496+00', NULL);


--

-- Data for table: rd_areas
-- Data for Name: rd_areas; Type: TABLE DATA; Schema: public; Owner: postgres

--

INSERT INTO public.rd_areas (id, name, category_id, created_at, updated_at, description) VALUES ('0da500ca-2887-4328-a2ac-66fd4de5b666', 'Aesthetics & Wellness', 'c39e89fd-4fdf-40c8-a93b-855c63d237bc', '2025-06-28 20:46:50.493278+00', '2025-06-28 20:46:50.493278+00', NULL);
INSERT INTO public.rd_areas (id, name, category_id, created_at, updated_at, description) VALUES ('75285a38-e53c-42cc-996d-fae4002ce310', 'Dentistry', 'c39e89fd-4fdf-40c8-a93b-855c63d237bc', '2025-06-28 20:46:50.493278+00', '2025-06-28 20:46:50.493278+00', NULL);
INSERT INTO public.rd_areas (id, name, category_id, created_at, updated_at, description) VALUES ('c4130f8f-2c84-49cf-9965-2c28b90f20a2', 'Medicine', 'c39e89fd-4fdf-40c8-a93b-855c63d237bc', '2025-06-28 20:46:50.493278+00', '2025-06-28 20:46:50.493278+00', NULL);
INSERT INTO public.rd_areas (id, name, category_id, created_at, updated_at, description) VALUES ('5e558bc6-1176-4000-8f7b-83980dd1bc9f', 'App/Website', '480bf49f-abab-40d6-acaa-14c1dbe44b88', '2025-07-24 20:14:15.291192+00', '2025-07-24 20:14:15.291192+00', '');


--

-- Data for table: rd_businesses
-- Data for Name: rd_businesses; Type: TABLE DATA; Schema: public; Owner: postgres

--

INSERT INTO public.rd_businesses (id, client_id, name, ein, start_year, domicile_state, contact_info, is_controlled_grp, created_at, updated_at, historical_data, website, image_path, entity_type, naics, category_id, github_token, portal_email) VALUES ('f7f6b107-cfe4-4a7c-8d26-caf41b381233', '5a0d27b2-968d-404d-b9ba-13599d691613', 'NATIONAL PROCESSING', '06-1826529', 2017, 'UT', '{"zip": "84057", "city": "Orem", "state": "UT", "address": "898 N 1200 W STE 100"}', false, '2025-07-24 21:43:18.740362+00', '2025-07-25 23:30:58.893+00', '[]', 'https://nationalprocessing.com/', '', 'LLC', '541512', '480bf49f-abab-40d6-acaa-14c1dbe44b88', NULL, NULL);
INSERT INTO public.rd_businesses (id, client_id, name, ein, start_year, domicile_state, contact_info, is_controlled_grp, created_at, updated_at, historical_data, website, image_path, entity_type, naics, category_id, github_token, portal_email) VALUES ('12fa3afa-5016-4f55-96e2-0e3f481692dc', '37159fc4-f3f5-4690-acd4-13859f9a0c74', 'Petrous Orthodontics', NULL, 2018, 'MI', '{"zip": "", "city": "", "state": "MI", "address": ""}', false, '2025-07-26 11:17:09.005763+00', '2025-07-26 11:17:09.005763+00', '[]', NULL, NULL, 'LLC', NULL, NULL, NULL, NULL);
INSERT INTO public.rd_businesses (id, client_id, name, ein, start_year, domicile_state, contact_info, is_controlled_grp, created_at, updated_at, historical_data, website, image_path, entity_type, naics, category_id, github_token, portal_email) VALUES ('c83bbeb9-f17e-4593-ada6-1341594e9f65', '018d0221-878e-4341-b2e7-5c017f0450da', 'Kim Orthodontics', '61-1545814', 2025, 'ID', '{"zip": "96814", "city": "HONOLULU", "state": "ID", "address": "1441 KAPIOLANI BLVD., STE 1515"}', false, '2025-07-28 20:47:55.088359+00', '2025-07-28 20:47:55.088359+00', '[]', NULL, NULL, 'LLC', NULL, NULL, NULL, NULL);
INSERT INTO public.rd_businesses (id, client_id, name, ein, start_year, domicile_state, contact_info, is_controlled_grp, created_at, updated_at, historical_data, website, image_path, entity_type, naics, category_id, github_token, portal_email) VALUES ('79439816-1ae5-4a9e-8d5d-28fae11a4d56', '5a825b9a-56bd-4f9b-b2e6-83ff2fa1aaae', 'Nestman Orthodontics', NULL, 2017, 'CO', '{"zip": "80207", "city": "Denver", "state": "CO", "address": "2206 Kearney St."}', false, '2025-07-28 21:28:41.254817+00', '2025-07-28 21:59:14.081+00', '[]', NULL, NULL, 'SCORP', '621210', NULL, NULL, NULL);
INSERT INTO public.rd_businesses (id, client_id, name, ein, start_year, domicile_state, contact_info, is_controlled_grp, created_at, updated_at, historical_data, website, image_path, entity_type, naics, category_id, github_token, portal_email) VALUES ('a3e01643-3aa0-4cd6-b251-07ef16100cf2', '2d9196d9-059b-4797-a0e0-8fc2a093c491', 'Karen Y Liu DDS, Inc', NULL, 2007, 'CA', '{"zip": "92129", "city": "San Diego", "state": "CA", "address": "12778 Rancho Penasquitos Blvd Ste B"}', false, '2025-07-23 14:48:42.734477+00', '2025-07-23 14:49:38.346+00', '[]', 'https://toothfoundation.com/', NULL, 'SCORP', NULL, 'c39e89fd-4fdf-40c8-a93b-855c63d237bc', NULL, NULL);
INSERT INTO public.rd_businesses (id, client_id, name, ein, start_year, domicile_state, contact_info, is_controlled_grp, created_at, updated_at, historical_data, website, image_path, entity_type, naics, category_id, github_token, portal_email) VALUES ('b4822586-f26b-4608-b51d-ab4e46797c37', 'dce2e99a-ae77-4d90-a11c-ed898bff624f', 'Granger Orthodontics', NULL, 2025, 'UT', '{"zip": null, "city": null, "state": "UT", "address": null}', false, '2025-07-18 19:00:14.933555+00', '2025-07-18 19:00:14.933555+00', '[]', NULL, NULL, 'SCORP', NULL, 'c39e89fd-4fdf-40c8-a93b-855c63d237bc', NULL, NULL);
INSERT INTO public.rd_businesses (id, client_id, name, ein, start_year, domicile_state, contact_info, is_controlled_grp, created_at, updated_at, historical_data, website, image_path, entity_type, naics, category_id, github_token, portal_email) VALUES ('04bd6120-d27d-45a3-ba33-b65fdc3a1461', 'bc673c80-3875-4681-bd60-8835aecdc802', 'Thrive Family Dental', NULL, 2019, 'NC', '{"zip": "28411", "city": "Wilmington", "state": "NC", "address": "8115 Market Street STE 2B"}', false, '2025-07-23 18:19:16.105343+00', '2025-07-24 02:10:24.002+00', '[]', 'https://thrivefamilydental.com/', NULL, 'SOLEPROP', '621210', 'c39e89fd-4fdf-40c8-a93b-855c63d237bc', NULL, NULL);
INSERT INTO public.rd_businesses (id, client_id, name, ein, start_year, domicile_state, contact_info, is_controlled_grp, created_at, updated_at, historical_data, website, image_path, entity_type, naics, category_id, github_token, portal_email) VALUES ('0eac08d8-80d1-4159-a751-4613d3423848', '8b81a809-c4af-448c-97ad-62ba92159e70', 'X2', '12-3123123', 2023, 'UT', '{"zip": "84606", "city": "Provo", "state": "UT", "address": "390 E. Center St."}', false, '2025-07-26 11:18:31.971937+00', '2025-07-26 11:18:31.971937+00', '[]', NULL, NULL, 'OTHER', NULL, NULL, NULL, 'bendyches@gmail.com');
INSERT INTO public.rd_businesses (id, client_id, name, ein, start_year, domicile_state, contact_info, is_controlled_grp, created_at, updated_at, historical_data, website, image_path, entity_type, naics, category_id, github_token, portal_email) VALUES ('48c667a9-8f0a-4f39-8fac-bb9969e32ff0', '018d0221-878e-4341-b2e7-5c017f0450da', 'Kim Orthodontics', '61-1545814', 2025, 'ID', '{"zip": "96814", "city": "HONOLULU", "state": "ID", "address": "1441 KAPIOLANI BLVD., STE 1515"}', false, '2025-07-28 21:06:27.526093+00', '2025-07-28 21:06:27.526093+00', '[]', NULL, NULL, 'LLC', NULL, NULL, NULL, NULL);
INSERT INTO public.rd_businesses (id, client_id, name, ein, start_year, domicile_state, contact_info, is_controlled_grp, created_at, updated_at, historical_data, website, image_path, entity_type, naics, category_id, github_token, portal_email) VALUES ('3d31dca3-d014-43ae-97a1-211c70ad2e97', '4d421d8e-7bf8-44ea-8da7-a3382cb39b6b', 'Rosvall Orthodontics, LLC', '26-1542036', 2009, 'UT', '{"zip": "84096", "city": "Herriman", "state": "UT", "address": "5532 Main St Suite 110"}', false, '2025-07-17 17:28:00.947118+00', '2025-07-18 11:08:02.598+00', '[{"qre": 0, "year": 2017, "gross_receipts": 0}, {"qre": 55995, "year": 2018, "gross_receipts": 1827013}, {"qre": 68412, "year": 2019, "gross_receipts": 2027334}, {"qre": 266687, "year": 2020, "gross_receipts": 2172657}, {"qre": 560925, "year": 2021, "gross_receipts": 2404469}, {"qre": 0, "year": 2022, "gross_receipts": 0}, {"qre": 0, "year": 2023, "gross_receipts": 0}, {"qre": 0, "year": 2024, "gross_receipts": 0}, {"qre": 0, "year": 2025, "gross_receipts": 0}]', 'https://www.rosvallorthodontics.com/		', 'https://kiogxpdjhopdlxhttprg.supabase.co/storage/v1/object/public/logos/logos/3d31dca3-d014-43ae-97a1-211c70ad2e97_1752834456476.png', 'SCORP', '621210', 'c39e89fd-4fdf-40c8-a93b-855c63d237bc', NULL, NULL);
INSERT INTO public.rd_businesses (id, client_id, name, ein, start_year, domicile_state, contact_info, is_controlled_grp, created_at, updated_at, historical_data, website, image_path, entity_type, naics, category_id, github_token, portal_email) VALUES ('e3f189b4-e5a2-4e22-b06b-4313d529ad87', '1a9e91fc-f4d8-4c6c-a726-7b5628c5207c', 'All Smiles Orthodontics', '26-4001327', 2008, 'CA', '{"zip": "92879", "city": "Corona", "state": "CA", "address": "160 E. Ontario Ave. Suite 103"}', false, '2025-07-16 23:44:47.717469+00', '2025-07-19 16:48:21.169+00', '[{"qre": 0, "year": 2017, "gross_receipts": 0}, {"qre": 37074, "year": 2018, "gross_receipts": 1741603}, {"qre": 35896, "year": 2019, "gross_receipts": 2084835}, {"qre": 128914, "year": 2020, "gross_receipts": 1771894}, {"qre": 105375, "year": 2021, "gross_receipts": 1966543}, {"qre": 113122, "year": 2022, "gross_receipts": 2120716}, {"qre": 0, "year": 2023, "gross_receipts": 2268090}, {"qre": 0, "year": 2024, "gross_receipts": 0}, {"qre": 0, "year": 2025, "gross_receipts": 0}]', 'https://www.allsmileskids.com/', NULL, 'SCORP', NULL, 'c39e89fd-4fdf-40c8-a93b-855c63d237bc', NULL, NULL);
INSERT INTO public.rd_businesses (id, client_id, name, ein, start_year, domicile_state, contact_info, is_controlled_grp, created_at, updated_at, historical_data, website, image_path, entity_type, naics, category_id, github_token, portal_email) VALUES ('238c86c1-bd3a-42a3-acf0-f6176bd6b92e', '1a9e91fc-f4d8-4c6c-a726-7b5628c5207c', 'Dental Care of Corona', '20-0406823', 2018, 'CA', '{"zip": "92879", "city": "Corona", "state": "CA", "address": "260 E Ontario Ave, Suite 201"}', false, '2025-07-19 20:23:38.193086+00', '2025-07-19 20:52:23.346+00', '[{"qre": 45977, "year": 2018, "gross_receipts": 3258475}, {"qre": 83340, "year": 2019, "gross_receipts": 3559652}, {"qre": 88918, "year": 2020, "gross_receipts": 2630329}, {"qre": 113377, "year": 2021, "gross_receipts": 3592875}, {"qre": 141709, "year": 2022, "gross_receipts": 3997417}, {"qre": 0, "year": 2023, "gross_receipts": 3996185}, {"qre": 0, "year": 2024, "gross_receipts": 0}, {"qre": 0, "year": 2025, "gross_receipts": 0}]', NULL, NULL, 'SCORP', '621210', 'c39e89fd-4fdf-40c8-a93b-855c63d237bc', NULL, NULL);
INSERT INTO public.rd_businesses (id, client_id, name, ein, start_year, domicile_state, contact_info, is_controlled_grp, created_at, updated_at, historical_data, website, image_path, entity_type, naics, category_id, github_token, portal_email) VALUES ('dfdb1e31-5d3c-4734-aa41-189d65f738db', '8b81a809-c4af-448c-97ad-62ba92159e70', 'X2', '12-3123123', 2023, 'UT', '{"zip": "84606", "city": "Provo", "state": "UT", "address": "390 E. Center St."}', false, '2025-07-04 20:20:16.013587+00', '2025-07-04 20:20:16.013587+00', '[]', NULL, NULL, 'OTHER', NULL, 'c39e89fd-4fdf-40c8-a93b-855c63d237bc', NULL, NULL);
INSERT INTO public.rd_businesses (id, client_id, name, ein, start_year, domicile_state, contact_info, is_controlled_grp, created_at, updated_at, historical_data, website, image_path, entity_type, naics, category_id, github_token, portal_email) VALUES ('1048da75-727c-498e-a536-edd128485836', '1300de7c-22a9-4753-b8fe-b32ebf974413', 'Smiles Orthodontics', NULL, 2017, 'KS', '{"zip": "67206", "city": "Wichita", "state": "KS", "address": "494 N. 127th St. E., Suite 100"}', false, '2025-07-22 16:15:46.128259+00', '2025-07-22 16:17:15.506+00', '[]', 'https://smilesortho.com/', NULL, 'SCORP', '621210', 'c39e89fd-4fdf-40c8-a93b-855c63d237bc', NULL, NULL);
INSERT INTO public.rd_businesses (id, client_id, name, ein, start_year, domicile_state, contact_info, is_controlled_grp, created_at, updated_at, historical_data, website, image_path, entity_type, naics, category_id, github_token, portal_email) VALUES ('bc4458da-e5ec-403a-85e1-490386a40c75', 'eba6dae5-c5f3-4e60-bb7d-53aba48be9c5', 'Rice Dentistry', NULL, 2014, 'CA', '{"zip": "92618", "city": "Irvine", "state": "CA", "address": "15785 Laguna Canyon Rd Ste 200"}', false, '2025-07-23 16:26:29.383496+00', '2025-07-23 16:27:03.332+00', '[]', 'https://www.irvinedentalcare.com/', NULL, 'SCORP', NULL, 'c39e89fd-4fdf-40c8-a93b-855c63d237bc', NULL, NULL);
INSERT INTO public.rd_businesses (id, client_id, name, ein, start_year, domicile_state, contact_info, is_controlled_grp, created_at, updated_at, historical_data, website, image_path, entity_type, naics, category_id, github_token, portal_email) VALUES ('43cf7dff-2cad-4d8c-b776-fc0b0dcbfb8e', '90830e88-8084-483f-9525-104a1464a61d', 'Teeters Orthodontics', NULL, 2018, 'AZ', '{"zip": "85382", "city": "Peoria", "state": "AZ", "address": "7505 W. Deer Valley Rd. #120"}', false, '2025-07-23 19:28:42.301732+00', '2025-07-23 19:29:02.279+00', '[]', 'https://teetersorthodontics.com/', NULL, 'SCORP', NULL, 'c39e89fd-4fdf-40c8-a93b-855c63d237bc', NULL, NULL);
INSERT INTO public.rd_businesses (id, client_id, name, ein, start_year, domicile_state, contact_info, is_controlled_grp, created_at, updated_at, historical_data, website, image_path, entity_type, naics, category_id, github_token, portal_email) VALUES ('600a1088-5e8d-41fd-84cb-2670cc9b568c', 'bd2dcfec-2f15-45e4-83c0-ce9f7c52ef73', 'MadDonald Orthodontics, LLC', '45-4025222', 2015, 'AZ', '{"zip": "85205", "city": "Mesa", "state": "AZ", "address": "5753 E Brown Rd Ste. 101"}', false, '2025-07-17 20:59:53.712034+00', '2025-07-22 11:40:53.563+00', '[{"qre": 0, "year": 2017, "gross_receipts": 0}, {"qre": 217380, "year": 2018, "gross_receipts": 3985862}, {"qre": 383273, "year": 2019, "gross_receipts": 4522335}, {"qre": 604504, "year": 2020, "gross_receipts": 4412564}, {"qre": 556040, "year": 2021, "gross_receipts": 4995086}, {"qre": 890015, "year": 2022, "gross_receipts": 4914799}, {"qre": 0, "year": 2023, "gross_receipts": 4851985}, {"qre": 0, "year": 2024, "gross_receipts": 0}, {"qre": 0, "year": 2025, "gross_receipts": 0}]', 'macdonaldortho.com', NULL, 'SCORP', '621210', 'c39e89fd-4fdf-40c8-a93b-855c63d237bc', NULL, NULL);


--

-- Data for table: rd_business_years
-- Data for Name: rd_business_years; Type: TABLE DATA; Schema: public; Owner: postgres

--

INSERT INTO public.rd_business_years (id, business_id, year, gross_receipts, total_qre, created_at, updated_at, qc_status, qc_approved_by, qc_approved_at, payment_received, payment_received_at, qc_notes, payment_amount, documents_released, documents_released_at, documents_released_by, employee_qre, contractor_qre, supply_qre, qre_locked, federal_credit, state_credit, credits_locked, credits_calculated_at, credits_locked_by, credits_locked_at) VALUES ('1ca2a099-0966-4c87-82b2-a577235b2cae', 'e3f189b4-e5a2-4e22-b06b-4313d529ad87', 2019, 2084835.00, 35896.00, '2025-07-16 23:44:48.052922+00', '2025-07-16 23:44:48.052922+00', 'pending', NULL, NULL, false, NULL, NULL, NULL, false, NULL, NULL, 0.00, 0.00, 0.00, false, 0.00, 0.00, false, NULL, NULL, NULL);
INSERT INTO public.rd_business_years (id, business_id, year, gross_receipts, total_qre, created_at, updated_at, qc_status, qc_approved_by, qc_approved_at, payment_received, payment_received_at, qc_notes, payment_amount, documents_released, documents_released_at, documents_released_by, employee_qre, contractor_qre, supply_qre, qre_locked, federal_credit, state_credit, credits_locked, credits_calculated_at, credits_locked_by, credits_locked_at) VALUES ('d8e283dd-839d-4ff6-9b0a-7b0b017ae258', 'e3f189b4-e5a2-4e22-b06b-4313d529ad87', 2020, 1771894.00, 128914.00, '2025-07-16 23:44:48.052922+00', '2025-07-16 23:44:48.052922+00', 'pending', NULL, NULL, false, NULL, NULL, NULL, false, NULL, NULL, 0.00, 0.00, 0.00, false, 0.00, 0.00, false, NULL, NULL, NULL);
INSERT INTO public.rd_business_years (id, business_id, year, gross_receipts, total_qre, created_at, updated_at, qc_status, qc_approved_by, qc_approved_at, payment_received, payment_received_at, qc_notes, payment_amount, documents_released, documents_released_at, documents_released_by, employee_qre, contractor_qre, supply_qre, qre_locked, federal_credit, state_credit, credits_locked, credits_calculated_at, credits_locked_by, credits_locked_at) VALUES ('ba9929de-5429-4a80-bb64-5e5d71ea3b9a', 'e3f189b4-e5a2-4e22-b06b-4313d529ad87', 2021, 1966543.00, 105375.00, '2025-07-16 23:44:48.052922+00', '2025-07-16 23:44:48.052922+00', 'pending', NULL, NULL, false, NULL, NULL, NULL, false, NULL, NULL, 0.00, 0.00, 0.00, false, 0.00, 0.00, false, NULL, NULL, NULL);
INSERT INTO public.rd_business_years (id, business_id, year, gross_receipts, total_qre, created_at, updated_at, qc_status, qc_approved_by, qc_approved_at, payment_received, payment_received_at, qc_notes, payment_amount, documents_released, documents_released_at, documents_released_by, employee_qre, contractor_qre, supply_qre, qre_locked, federal_credit, state_credit, credits_locked, credits_calculated_at, credits_locked_by, credits_locked_at) VALUES ('9b96c475-5dae-4a2a-958c-5bfdf082b263', 'e3f189b4-e5a2-4e22-b06b-4313d529ad87', 2022, 2120716.00, 113122.00, '2025-07-16 23:44:48.052922+00', '2025-07-16 23:44:48.052922+00', 'pending', NULL, NULL, false, NULL, NULL, NULL, false, NULL, NULL, 0.00, 0.00, 0.00, false, 0.00, 0.00, false, NULL, NULL, NULL);
INSERT INTO public.rd_business_years (id, business_id, year, gross_receipts, total_qre, created_at, updated_at, qc_status, qc_approved_by, qc_approved_at, payment_received, payment_received_at, qc_notes, payment_amount, documents_released, documents_released_at, documents_released_by, employee_qre, contractor_qre, supply_qre, qre_locked, federal_credit, state_credit, credits_locked, credits_calculated_at, credits_locked_by, credits_locked_at) VALUES ('0f8f0393-36ad-41f2-a000-9e930c6dc9bf', '3d31dca3-d014-43ae-97a1-211c70ad2e97', 2025, 0.00, 0.00, '2025-07-17 17:28:01.133496+00', '2025-07-17 17:28:01.133496+00', 'pending', NULL, NULL, false, NULL, NULL, NULL, false, NULL, NULL, 0.00, 0.00, 0.00, false, 0.00, 0.00, false, NULL, NULL, NULL);
INSERT INTO public.rd_business_years (id, business_id, year, gross_receipts, total_qre, created_at, updated_at, qc_status, qc_approved_by, qc_approved_at, payment_received, payment_received_at, qc_notes, payment_amount, documents_released, documents_released_at, documents_released_by, employee_qre, contractor_qre, supply_qre, qre_locked, federal_credit, state_credit, credits_locked, credits_calculated_at, credits_locked_by, credits_locked_at) VALUES ('cd16edcc-16f3-4117-9d6f-30bcd662d8f6', '600a1088-5e8d-41fd-84cb-2670cc9b568c', 2025, 0.00, 0.00, '2025-07-17 20:59:53.912492+00', '2025-07-17 20:59:53.912492+00', 'pending', NULL, NULL, false, NULL, NULL, NULL, false, NULL, NULL, 0.00, 0.00, 0.00, false, 0.00, 0.00, false, NULL, NULL, NULL);
INSERT INTO public.rd_business_years (id, business_id, year, gross_receipts, total_qre, created_at, updated_at, qc_status, qc_approved_by, qc_approved_at, payment_received, payment_received_at, qc_notes, payment_amount, documents_released, documents_released_at, documents_released_by, employee_qre, contractor_qre, supply_qre, qre_locked, federal_credit, state_credit, credits_locked, credits_calculated_at, credits_locked_by, credits_locked_at) VALUES ('a0e3661d-25c5-4c4c-980d-f2b4abf43b62', '600a1088-5e8d-41fd-84cb-2670cc9b568c', 2024, 0.00, 0.00, '2025-07-17 20:59:53.912492+00', '2025-07-17 20:59:53.912492+00', 'pending', NULL, NULL, false, NULL, NULL, NULL, false, NULL, NULL, 0.00, 0.00, 0.00, false, 0.00, 0.00, false, NULL, NULL, NULL);
INSERT INTO public.rd_business_years (id, business_id, year, gross_receipts, total_qre, created_at, updated_at, qc_status, qc_approved_by, qc_approved_at, payment_received, payment_received_at, qc_notes, payment_amount, documents_released, documents_released_at, documents_released_by, employee_qre, contractor_qre, supply_qre, qre_locked, federal_credit, state_credit, credits_locked, credits_calculated_at, credits_locked_by, credits_locked_at) VALUES ('78ee0d12-a441-49ff-ad0d-18014c4439ae', '3d31dca3-d014-43ae-97a1-211c70ad2e97', 2018, 0.00, 55995.00, '2025-07-18 10:46:59.342652+00', '2025-07-18 10:46:59.342652+00', 'pending', NULL, NULL, false, NULL, NULL, NULL, false, NULL, NULL, 0.00, 0.00, 0.00, false, 0.00, 0.00, false, NULL, NULL, NULL);
INSERT INTO public.rd_business_years (id, business_id, year, gross_receipts, total_qre, created_at, updated_at, qc_status, qc_approved_by, qc_approved_at, payment_received, payment_received_at, qc_notes, payment_amount, documents_released, documents_released_at, documents_released_by, employee_qre, contractor_qre, supply_qre, qre_locked, federal_credit, state_credit, credits_locked, credits_calculated_at, credits_locked_by, credits_locked_at) VALUES ('34c75143-ad68-412b-8e19-fef9aaaac7a4', '3d31dca3-d014-43ae-97a1-211c70ad2e97', 2019, 0.00, 68412.00, '2025-07-18 10:47:11.690963+00', '2025-07-18 10:47:11.690963+00', 'pending', NULL, NULL, false, NULL, NULL, NULL, false, NULL, NULL, 0.00, 0.00, 0.00, false, 0.00, 0.00, false, NULL, NULL, NULL);
INSERT INTO public.rd_business_years (id, business_id, year, gross_receipts, total_qre, created_at, updated_at, qc_status, qc_approved_by, qc_approved_at, payment_received, payment_received_at, qc_notes, payment_amount, documents_released, documents_released_at, documents_released_by, employee_qre, contractor_qre, supply_qre, qre_locked, federal_credit, state_credit, credits_locked, credits_calculated_at, credits_locked_by, credits_locked_at) VALUES ('75189087-0148-4a4a-be3e-3e9b4022aa72', '3d31dca3-d014-43ae-97a1-211c70ad2e97', 2020, 0.00, 266687.00, '2025-07-18 10:52:32.65095+00', '2025-07-18 10:52:32.65095+00', 'pending', NULL, NULL, false, NULL, NULL, NULL, false, NULL, NULL, 0.00, 0.00, 0.00, false, 0.00, 0.00, false, NULL, NULL, NULL);
INSERT INTO public.rd_business_years (id, business_id, year, gross_receipts, total_qre, created_at, updated_at, qc_status, qc_approved_by, qc_approved_at, payment_received, payment_received_at, qc_notes, payment_amount, documents_released, documents_released_at, documents_released_by, employee_qre, contractor_qre, supply_qre, qre_locked, federal_credit, state_credit, credits_locked, credits_calculated_at, credits_locked_by, credits_locked_at) VALUES ('85ed4bc2-837d-47d5-b7f7-92fa6cdf234c', '3d31dca3-d014-43ae-97a1-211c70ad2e97', 2024, 0.00, 0.00, '2025-07-18 11:10:35.847625+00', '2025-07-18 11:10:35.847625+00', 'pending', NULL, NULL, false, NULL, NULL, NULL, false, NULL, NULL, 0.00, 0.00, 0.00, false, 0.00, 0.00, false, NULL, NULL, NULL);
INSERT INTO public.rd_business_years (id, business_id, year, gross_receipts, total_qre, created_at, updated_at, qc_status, qc_approved_by, qc_approved_at, payment_received, payment_received_at, qc_notes, payment_amount, documents_released, documents_released_at, documents_released_by, employee_qre, contractor_qre, supply_qre, qre_locked, federal_credit, state_credit, credits_locked, credits_calculated_at, credits_locked_by, credits_locked_at) VALUES ('cc29aa8b-9ffb-4ae6-abd3-dfb5e88abd25', 'b4822586-f26b-4608-b51d-ab4e46797c37', 2025, 0.00, 0.00, '2025-07-18 19:00:15.102663+00', '2025-07-18 19:00:15.102663+00', 'pending', NULL, NULL, false, NULL, NULL, NULL, false, NULL, NULL, 0.00, 0.00, 0.00, false, 0.00, 0.00, false, NULL, NULL, NULL);
INSERT INTO public.rd_business_years (id, business_id, year, gross_receipts, total_qre, created_at, updated_at, qc_status, qc_approved_by, qc_approved_at, payment_received, payment_received_at, qc_notes, payment_amount, documents_released, documents_released_at, documents_released_by, employee_qre, contractor_qre, supply_qre, qre_locked, federal_credit, state_credit, credits_locked, credits_calculated_at, credits_locked_by, credits_locked_at) VALUES ('a116f7b9-69cd-4f17-91c7-58eb4dbfb8da', 'a3e01643-3aa0-4cd6-b251-07ef16100cf2', 2025, 0.00, 0.00, '2025-07-23 14:48:42.911619+00', '2025-07-23 14:48:42.911619+00', 'pending', NULL, NULL, false, NULL, NULL, NULL, false, NULL, NULL, 0.00, 0.00, 0.00, false, 0.00, 0.00, false, NULL, NULL, NULL);
INSERT INTO public.rd_business_years (id, business_id, year, gross_receipts, total_qre, created_at, updated_at, qc_status, qc_approved_by, qc_approved_at, payment_received, payment_received_at, qc_notes, payment_amount, documents_released, documents_released_at, documents_released_by, employee_qre, contractor_qre, supply_qre, qre_locked, federal_credit, state_credit, credits_locked, credits_calculated_at, credits_locked_by, credits_locked_at) VALUES ('00dca4b4-83cb-402e-b0bc-adb9bb249d11', 'a3e01643-3aa0-4cd6-b251-07ef16100cf2', 2024, 0.00, 0.00, '2025-07-23 14:48:42.911619+00', '2025-07-23 14:48:42.911619+00', 'pending', NULL, NULL, false, NULL, NULL, NULL, false, NULL, NULL, 0.00, 0.00, 0.00, false, 0.00, 0.00, false, NULL, NULL, NULL);
INSERT INTO public.rd_business_years (id, business_id, year, gross_receipts, total_qre, created_at, updated_at, qc_status, qc_approved_by, qc_approved_at, payment_received, payment_received_at, qc_notes, payment_amount, documents_released, documents_released_at, documents_released_by, employee_qre, contractor_qre, supply_qre, qre_locked, federal_credit, state_credit, credits_locked, credits_calculated_at, credits_locked_by, credits_locked_at) VALUES ('f108e6f3-517f-4206-9e87-4d1df15abc71', '600a1088-5e8d-41fd-84cb-2670cc9b568c', 2022, 4914799.00, 890015.00, '2025-07-17 20:59:53.912492+00', '2025-07-17 20:59:53.912492+00', 'pending', NULL, NULL, false, NULL, NULL, NULL, false, NULL, NULL, 0.00, 0.00, 0.00, false, 0.00, 0.00, false, NULL, NULL, NULL);
INSERT INTO public.rd_business_years (id, business_id, year, gross_receipts, total_qre, created_at, updated_at, qc_status, qc_approved_by, qc_approved_at, payment_received, payment_received_at, qc_notes, payment_amount, documents_released, documents_released_at, documents_released_by, employee_qre, contractor_qre, supply_qre, qre_locked, federal_credit, state_credit, credits_locked, credits_calculated_at, credits_locked_by, credits_locked_at) VALUES ('1f103495-0c26-4f9b-9bbb-40d5d42bfe5c', '600a1088-5e8d-41fd-84cb-2670cc9b568c', 2023, 4851985.00, 0.00, '2025-07-17 20:59:53.912492+00', '2025-07-17 20:59:53.912492+00', 'pending', NULL, NULL, false, NULL, NULL, NULL, false, NULL, NULL, 0.00, 0.00, 0.00, false, 0.00, 0.00, false, NULL, NULL, NULL);
INSERT INTO public.rd_business_years (id, business_id, year, gross_receipts, total_qre, created_at, updated_at, qc_status, qc_approved_by, qc_approved_at, payment_received, payment_received_at, qc_notes, payment_amount, documents_released, documents_released_at, documents_released_by, employee_qre, contractor_qre, supply_qre, qre_locked, federal_credit, state_credit, credits_locked, credits_calculated_at, credits_locked_by, credits_locked_at) VALUES ('d8e0a589-3db2-469d-9b8f-b7fac9624e69', '600a1088-5e8d-41fd-84cb-2670cc9b568c', 2021, 4995086.00, 556040.00, '2025-07-17 20:59:53.912492+00', '2025-07-17 20:59:53.912492+00', 'pending', NULL, NULL, false, NULL, NULL, NULL, false, NULL, NULL, 0.00, 0.00, 0.00, false, 0.00, 0.00, false, NULL, NULL, NULL);
INSERT INTO public.rd_business_years (id, business_id, year, gross_receipts, total_qre, created_at, updated_at, qc_status, qc_approved_by, qc_approved_at, payment_received, payment_received_at, qc_notes, payment_amount, documents_released, documents_released_at, documents_released_by, employee_qre, contractor_qre, supply_qre, qre_locked, federal_credit, state_credit, credits_locked, credits_calculated_at, credits_locked_by, credits_locked_at) VALUES ('68520a7d-60a0-4ee5-88be-6e17833926ee', '600a1088-5e8d-41fd-84cb-2670cc9b568c', 2020, 4412564.00, 604504.00, '2025-07-17 20:59:53.912492+00', '2025-07-17 20:59:53.912492+00', 'pending', NULL, NULL, false, NULL, NULL, NULL, false, NULL, NULL, 0.00, 0.00, 0.00, false, 0.00, 0.00, false, NULL, NULL, NULL);
INSERT INTO public.rd_business_years (id, business_id, year, gross_receipts, total_qre, created_at, updated_at, qc_status, qc_approved_by, qc_approved_at, payment_received, payment_received_at, qc_notes, payment_amount, documents_released, documents_released_at, documents_released_by, employee_qre, contractor_qre, supply_qre, qre_locked, federal_credit, state_credit, credits_locked, credits_calculated_at, credits_locked_by, credits_locked_at) VALUES ('05d7c549-1897-49ed-86b8-44da32ec9509', '600a1088-5e8d-41fd-84cb-2670cc9b568c', 2019, 4522335.00, 383273.00, '2025-07-17 20:59:53.912492+00', '2025-07-17 20:59:53.912492+00', 'pending', NULL, NULL, false, NULL, NULL, NULL, false, NULL, NULL, 0.00, 0.00, 0.00, false, 0.00, 0.00, false, NULL, NULL, NULL);
INSERT INTO public.rd_business_years (id, business_id, year, gross_receipts, total_qre, created_at, updated_at, qc_status, qc_approved_by, qc_approved_at, payment_received, payment_received_at, qc_notes, payment_amount, documents_released, documents_released_at, documents_released_by, employee_qre, contractor_qre, supply_qre, qre_locked, federal_credit, state_credit, credits_locked, credits_calculated_at, credits_locked_by, credits_locked_at) VALUES ('238968a7-138b-4f15-8260-f2d7b6a0350d', 'a3e01643-3aa0-4cd6-b251-07ef16100cf2', 2018, 0.00, 0.00, '2025-07-23 14:48:42.911619+00', '2025-07-23 14:48:42.911619+00', 'pending', NULL, NULL, false, NULL, NULL, NULL, false, NULL, NULL, 0.00, 0.00, 0.00, false, 0.00, 0.00, false, NULL, NULL, NULL);
INSERT INTO public.rd_business_years (id, business_id, year, gross_receipts, total_qre, created_at, updated_at, qc_status, qc_approved_by, qc_approved_at, payment_received, payment_received_at, qc_notes, payment_amount, documents_released, documents_released_at, documents_released_by, employee_qre, contractor_qre, supply_qre, qre_locked, federal_credit, state_credit, credits_locked, credits_calculated_at, credits_locked_by, credits_locked_at) VALUES ('223b3fef-d591-423d-a3e2-d299ea3e6089', '600a1088-5e8d-41fd-84cb-2670cc9b568c', 2018, 3985862.00, 217380.00, '2025-07-17 20:59:53.912492+00', '2025-07-17 20:59:53.912492+00', 'pending', NULL, NULL, false, NULL, NULL, NULL, false, NULL, NULL, 0.00, 0.00, 0.00, false, 0.00, 0.00, false, NULL, NULL, NULL);
INSERT INTO public.rd_business_years (id, business_id, year, gross_receipts, total_qre, created_at, updated_at, qc_status, qc_approved_by, qc_approved_at, payment_received, payment_received_at, qc_notes, payment_amount, documents_released, documents_released_at, documents_released_by, employee_qre, contractor_qre, supply_qre, qre_locked, federal_credit, state_credit, credits_locked, credits_calculated_at, credits_locked_by, credits_locked_at) VALUES ('4dc0b5e2-5606-4517-9031-0d3ad692f5a5', '1048da75-727c-498e-a536-edd128485836', 2025, 0.00, 0.00, '2025-07-22 16:15:46.32124+00', '2025-07-22 16:15:46.32124+00', 'pending', NULL, NULL, false, NULL, NULL, NULL, false, NULL, NULL, 0.00, 0.00, 0.00, false, 0.00, 0.00, false, NULL, NULL, NULL);
INSERT INTO public.rd_business_years (id, business_id, year, gross_receipts, total_qre, created_at, updated_at, qc_status, qc_approved_by, qc_approved_at, payment_received, payment_received_at, qc_notes, payment_amount, documents_released, documents_released_at, documents_released_by, employee_qre, contractor_qre, supply_qre, qre_locked, federal_credit, state_credit, credits_locked, credits_calculated_at, credits_locked_by, credits_locked_at) VALUES ('9a8a81e7-a4a6-4276-beec-2ceb89942f4a', '1048da75-727c-498e-a536-edd128485836', 2024, 0.00, 0.00, '2025-07-22 16:15:46.32124+00', '2025-07-22 16:15:46.32124+00', 'pending', NULL, NULL, false, NULL, NULL, NULL, false, NULL, NULL, 0.00, 0.00, 0.00, false, 0.00, 0.00, false, NULL, NULL, NULL);
INSERT INTO public.rd_business_years (id, business_id, year, gross_receipts, total_qre, created_at, updated_at, qc_status, qc_approved_by, qc_approved_at, payment_received, payment_received_at, qc_notes, payment_amount, documents_released, documents_released_at, documents_released_by, employee_qre, contractor_qre, supply_qre, qre_locked, federal_credit, state_credit, credits_locked, credits_calculated_at, credits_locked_by, credits_locked_at) VALUES ('8e16068e-032a-4611-8040-0c9df5521bbf', '1048da75-727c-498e-a536-edd128485836', 2023, 0.00, 0.00, '2025-07-22 16:15:46.32124+00', '2025-07-22 16:15:46.32124+00', 'pending', NULL, NULL, false, NULL, NULL, NULL, false, NULL, NULL, 0.00, 0.00, 0.00, false, 0.00, 0.00, false, NULL, NULL, NULL);
INSERT INTO public.rd_business_years (id, business_id, year, gross_receipts, total_qre, created_at, updated_at, qc_status, qc_approved_by, qc_approved_at, payment_received, payment_received_at, qc_notes, payment_amount, documents_released, documents_released_at, documents_released_by, employee_qre, contractor_qre, supply_qre, qre_locked, federal_credit, state_credit, credits_locked, credits_calculated_at, credits_locked_by, credits_locked_at) VALUES ('49a581a9-9c98-4c94-b4fd-36a21d5d6266', '1048da75-727c-498e-a536-edd128485836', 2022, 0.00, 0.00, '2025-07-22 16:15:46.32124+00', '2025-07-22 16:15:46.32124+00', 'pending', NULL, NULL, false, NULL, NULL, NULL, false, NULL, NULL, 0.00, 0.00, 0.00, false, 0.00, 0.00, false, NULL, NULL, NULL);
INSERT INTO public.rd_business_years (id, business_id, year, gross_receipts, total_qre, created_at, updated_at, qc_status, qc_approved_by, qc_approved_at, payment_received, payment_received_at, qc_notes, payment_amount, documents_released, documents_released_at, documents_released_by, employee_qre, contractor_qre, supply_qre, qre_locked, federal_credit, state_credit, credits_locked, credits_calculated_at, credits_locked_by, credits_locked_at) VALUES ('c0296338-19ba-4999-913c-495b7638a794', '1048da75-727c-498e-a536-edd128485836', 2021, 0.00, 0.00, '2025-07-22 16:15:46.32124+00', '2025-07-22 16:15:46.32124+00', 'pending', NULL, NULL, false, NULL, NULL, NULL, false, NULL, NULL, 0.00, 0.00, 0.00, false, 0.00, 0.00, false, NULL, NULL, NULL);
INSERT INTO public.rd_business_years (id, business_id, year, gross_receipts, total_qre, created_at, updated_at, qc_status, qc_approved_by, qc_approved_at, payment_received, payment_received_at, qc_notes, payment_amount, documents_released, documents_released_at, documents_released_by, employee_qre, contractor_qre, supply_qre, qre_locked, federal_credit, state_credit, credits_locked, credits_calculated_at, credits_locked_by, credits_locked_at) VALUES ('427142ea-c0a3-485d-8b20-e744a6929482', 'dfdb1e31-5d3c-4734-aa41-189d65f738db', 2023, 123123.00, 2322.00, '2025-07-04 20:26:59.731049+00', '2025-07-04 20:26:59.731049+00', 'pending', NULL, NULL, false, NULL, NULL, NULL, false, NULL, NULL, 0.00, 0.00, 0.00, false, 0.00, 0.00, false, NULL, NULL, NULL);
INSERT INTO public.rd_business_years (id, business_id, year, gross_receipts, total_qre, created_at, updated_at, qc_status, qc_approved_by, qc_approved_at, payment_received, payment_received_at, qc_notes, payment_amount, documents_released, documents_released_at, documents_released_by, employee_qre, contractor_qre, supply_qre, qre_locked, federal_credit, state_credit, credits_locked, credits_calculated_at, credits_locked_by, credits_locked_at) VALUES ('d611bad6-c314-42e4-b023-a3987ff5db76', 'dfdb1e31-5d3c-4734-aa41-189d65f738db', 2024, 123213.00, 2233.00, '2025-07-04 20:27:00.419231+00', '2025-07-04 20:27:00.419231+00', 'pending', NULL, NULL, false, NULL, NULL, NULL, false, NULL, NULL, 0.00, 0.00, 0.00, false, 0.00, 0.00, false, NULL, NULL, NULL);
INSERT INTO public.rd_business_years (id, business_id, year, gross_receipts, total_qre, created_at, updated_at, qc_status, qc_approved_by, qc_approved_at, payment_received, payment_received_at, qc_notes, payment_amount, documents_released, documents_released_at, documents_released_by, employee_qre, contractor_qre, supply_qre, qre_locked, federal_credit, state_credit, credits_locked, credits_calculated_at, credits_locked_by, credits_locked_at) VALUES ('d3ae8486-d674-4ab9-91e4-42e40907fb4c', 'dfdb1e31-5d3c-4734-aa41-189d65f738db', 2025, 1232132.00, 0.00, '2025-07-04 20:27:00.583367+00', '2025-07-04 20:27:00.583367+00', 'pending', NULL, NULL, false, NULL, NULL, NULL, false, NULL, NULL, 0.00, 0.00, 0.00, false, 0.00, 0.00, false, NULL, NULL, NULL);
INSERT INTO public.rd_business_years (id, business_id, year, gross_receipts, total_qre, created_at, updated_at, qc_status, qc_approved_by, qc_approved_at, payment_received, payment_received_at, qc_notes, payment_amount, documents_released, documents_released_at, documents_released_by, employee_qre, contractor_qre, supply_qre, qre_locked, federal_credit, state_credit, credits_locked, credits_calculated_at, credits_locked_by, credits_locked_at) VALUES ('0c7ed697-2049-4cad-b45c-07769b335fe3', 'e3f189b4-e5a2-4e22-b06b-4313d529ad87', 2025, 0.00, 0.00, '2025-07-16 23:44:48.052922+00', '2025-07-16 23:44:48.052922+00', 'pending', NULL, NULL, false, NULL, NULL, NULL, false, NULL, NULL, 0.00, 0.00, 0.00, false, 0.00, 0.00, false, NULL, NULL, NULL);
INSERT INTO public.rd_business_years (id, business_id, year, gross_receipts, total_qre, created_at, updated_at, qc_status, qc_approved_by, qc_approved_at, payment_received, payment_received_at, qc_notes, payment_amount, documents_released, documents_released_at, documents_released_by, employee_qre, contractor_qre, supply_qre, qre_locked, federal_credit, state_credit, credits_locked, credits_calculated_at, credits_locked_by, credits_locked_at) VALUES ('683ed4ae-812a-4a35-98b6-479a1b77090b', 'e3f189b4-e5a2-4e22-b06b-4313d529ad87', 2024, 0.00, 0.00, '2025-07-16 23:44:48.052922+00', '2025-07-16 23:44:48.052922+00', 'pending', NULL, NULL, false, NULL, NULL, NULL, false, NULL, NULL, 0.00, 0.00, 0.00, false, 0.00, 0.00, false, NULL, NULL, NULL);
INSERT INTO public.rd_business_years (id, business_id, year, gross_receipts, total_qre, created_at, updated_at, qc_status, qc_approved_by, qc_approved_at, payment_received, payment_received_at, qc_notes, payment_amount, documents_released, documents_released_at, documents_released_by, employee_qre, contractor_qre, supply_qre, qre_locked, federal_credit, state_credit, credits_locked, credits_calculated_at, credits_locked_by, credits_locked_at) VALUES ('3f9af167-8ff3-4083-a56a-8de053fc2272', 'e3f189b4-e5a2-4e22-b06b-4313d529ad87', 2018, 0.00, 0.00, '2025-07-16 23:44:48.052922+00', '2025-07-16 23:44:48.052922+00', 'pending', NULL, NULL, false, NULL, NULL, NULL, false, NULL, NULL, 0.00, 0.00, 0.00, false, 0.00, 0.00, false, NULL, NULL, NULL);
INSERT INTO public.rd_business_years (id, business_id, year, gross_receipts, total_qre, created_at, updated_at, qc_status, qc_approved_by, qc_approved_at, payment_received, payment_received_at, qc_notes, payment_amount, documents_released, documents_released_at, documents_released_by, employee_qre, contractor_qre, supply_qre, qre_locked, federal_credit, state_credit, credits_locked, credits_calculated_at, credits_locked_by, credits_locked_at) VALUES ('71cc41cc-b1f0-4085-bb86-a4e81f21b7a6', 'e3f189b4-e5a2-4e22-b06b-4313d529ad87', 2026, 0.00, 0.00, '2025-07-19 14:49:15.484971+00', '2025-07-19 14:49:15.484971+00', 'pending', NULL, NULL, false, NULL, NULL, NULL, false, NULL, NULL, 0.00, 0.00, 0.00, false, 0.00, 0.00, false, NULL, NULL, NULL);
INSERT INTO public.rd_business_years (id, business_id, year, gross_receipts, total_qre, created_at, updated_at, qc_status, qc_approved_by, qc_approved_at, payment_received, payment_received_at, qc_notes, payment_amount, documents_released, documents_released_at, documents_released_by, employee_qre, contractor_qre, supply_qre, qre_locked, federal_credit, state_credit, credits_locked, credits_calculated_at, credits_locked_by, credits_locked_at) VALUES ('5cfffb20-7d13-4678-bcc6-f43d51bb3f00', '238c86c1-bd3a-42a3-acf0-f6176bd6b92e', 2025, 0.00, 0.00, '2025-07-19 20:23:38.430159+00', '2025-07-19 20:23:38.430159+00', 'pending', NULL, NULL, false, NULL, NULL, NULL, false, NULL, NULL, 0.00, 0.00, 0.00, false, 0.00, 0.00, false, NULL, NULL, NULL);
INSERT INTO public.rd_business_years (id, business_id, year, gross_receipts, total_qre, created_at, updated_at, qc_status, qc_approved_by, qc_approved_at, payment_received, payment_received_at, qc_notes, payment_amount, documents_released, documents_released_at, documents_released_by, employee_qre, contractor_qre, supply_qre, qre_locked, federal_credit, state_credit, credits_locked, credits_calculated_at, credits_locked_by, credits_locked_at) VALUES ('d1313144-a636-41e4-a46b-02ba9af504a5', '238c86c1-bd3a-42a3-acf0-f6176bd6b92e', 2018, 0.00, 0.00, '2025-07-19 20:25:29.574333+00', '2025-07-19 20:25:29.574333+00', 'pending', NULL, NULL, false, NULL, NULL, NULL, false, NULL, NULL, 0.00, 0.00, 0.00, false, 0.00, 0.00, false, NULL, NULL, NULL);
INSERT INTO public.rd_business_years (id, business_id, year, gross_receipts, total_qre, created_at, updated_at, qc_status, qc_approved_by, qc_approved_at, payment_received, payment_received_at, qc_notes, payment_amount, documents_released, documents_released_at, documents_released_by, employee_qre, contractor_qre, supply_qre, qre_locked, federal_credit, state_credit, credits_locked, credits_calculated_at, credits_locked_by, credits_locked_at) VALUES ('d85fbda6-e991-41fc-97ab-b74586ffff08', '1048da75-727c-498e-a536-edd128485836', 2020, 0.00, 0.00, '2025-07-22 16:15:46.32124+00', '2025-07-22 16:15:46.32124+00', 'pending', NULL, NULL, false, NULL, NULL, NULL, false, NULL, NULL, 0.00, 0.00, 0.00, false, 0.00, 0.00, false, NULL, NULL, NULL);
INSERT INTO public.rd_business_years (id, business_id, year, gross_receipts, total_qre, created_at, updated_at, qc_status, qc_approved_by, qc_approved_at, payment_received, payment_received_at, qc_notes, payment_amount, documents_released, documents_released_at, documents_released_by, employee_qre, contractor_qre, supply_qre, qre_locked, federal_credit, state_credit, credits_locked, credits_calculated_at, credits_locked_by, credits_locked_at) VALUES ('eb2f27ba-1218-4f83-ba2e-0f432807f4f6', '238c86c1-bd3a-42a3-acf0-f6176bd6b92e', 2019, 0.00, 0.00, '2025-07-19 20:25:29.738545+00', '2025-07-19 20:25:29.738545+00', 'pending', NULL, NULL, false, NULL, NULL, NULL, false, NULL, NULL, 0.00, 0.00, 0.00, false, 0.00, 0.00, false, NULL, NULL, NULL);
INSERT INTO public.rd_business_years (id, business_id, year, gross_receipts, total_qre, created_at, updated_at, qc_status, qc_approved_by, qc_approved_at, payment_received, payment_received_at, qc_notes, payment_amount, documents_released, documents_released_at, documents_released_by, employee_qre, contractor_qre, supply_qre, qre_locked, federal_credit, state_credit, credits_locked, credits_calculated_at, credits_locked_by, credits_locked_at) VALUES ('1fd98f33-1ff5-4e30-9594-7ace44e2ed9a', '1048da75-727c-498e-a536-edd128485836', 2019, 0.00, 0.00, '2025-07-22 16:15:46.32124+00', '2025-07-22 16:15:46.32124+00', 'pending', NULL, NULL, false, NULL, NULL, NULL, false, NULL, NULL, 0.00, 0.00, 0.00, false, 0.00, 0.00, false, NULL, NULL, NULL);
INSERT INTO public.rd_business_years (id, business_id, year, gross_receipts, total_qre, created_at, updated_at, qc_status, qc_approved_by, qc_approved_at, payment_received, payment_received_at, qc_notes, payment_amount, documents_released, documents_released_at, documents_released_by, employee_qre, contractor_qre, supply_qre, qre_locked, federal_credit, state_credit, credits_locked, credits_calculated_at, credits_locked_by, credits_locked_at) VALUES ('e1536ad1-d5ba-4dfe-89a7-7dcd131d3403', '238c86c1-bd3a-42a3-acf0-f6176bd6b92e', 2020, 0.00, 0.00, '2025-07-19 20:25:29.824726+00', '2025-07-19 20:25:29.824726+00', 'pending', NULL, NULL, false, NULL, NULL, NULL, false, NULL, NULL, 0.00, 0.00, 0.00, false, 0.00, 0.00, false, NULL, NULL, NULL);
INSERT INTO public.rd_business_years (id, business_id, year, gross_receipts, total_qre, created_at, updated_at, qc_status, qc_approved_by, qc_approved_at, payment_received, payment_received_at, qc_notes, payment_amount, documents_released, documents_released_at, documents_released_by, employee_qre, contractor_qre, supply_qre, qre_locked, federal_credit, state_credit, credits_locked, credits_calculated_at, credits_locked_by, credits_locked_at) VALUES ('d90faae8-4949-4d24-96b9-1c45b6843912', 'e3f189b4-e5a2-4e22-b06b-4313d529ad87', 2023, 2266090.00, 0.00, '2025-07-16 23:44:48.052922+00', '2025-07-16 23:44:48.052922+00', 'pending', NULL, NULL, false, NULL, NULL, NULL, false, NULL, NULL, 0.00, 0.00, 0.00, false, 0.00, 0.00, false, NULL, NULL, NULL);
INSERT INTO public.rd_business_years (id, business_id, year, gross_receipts, total_qre, created_at, updated_at, qc_status, qc_approved_by, qc_approved_at, payment_received, payment_received_at, qc_notes, payment_amount, documents_released, documents_released_at, documents_released_by, employee_qre, contractor_qre, supply_qre, qre_locked, federal_credit, state_credit, credits_locked, credits_calculated_at, credits_locked_by, credits_locked_at) VALUES ('ee33785f-fb7c-46af-ad93-669a4b1140a6', '238c86c1-bd3a-42a3-acf0-f6176bd6b92e', 2021, 0.00, 0.00, '2025-07-19 20:25:30.031514+00', '2025-07-19 20:25:30.031514+00', 'pending', NULL, NULL, false, NULL, NULL, NULL, false, NULL, NULL, 0.00, 0.00, 0.00, false, 0.00, 0.00, false, NULL, NULL, NULL);
INSERT INTO public.rd_business_years (id, business_id, year, gross_receipts, total_qre, created_at, updated_at, qc_status, qc_approved_by, qc_approved_at, payment_received, payment_received_at, qc_notes, payment_amount, documents_released, documents_released_at, documents_released_by, employee_qre, contractor_qre, supply_qre, qre_locked, federal_credit, state_credit, credits_locked, credits_calculated_at, credits_locked_by, credits_locked_at) VALUES ('e8e1bf75-cefd-4b9f-9d93-976c7d6b0d0c', '238c86c1-bd3a-42a3-acf0-f6176bd6b92e', 2022, 0.00, 0.00, '2025-07-19 20:25:30.077114+00', '2025-07-19 20:25:30.077114+00', 'pending', NULL, NULL, false, NULL, NULL, NULL, false, NULL, NULL, 0.00, 0.00, 0.00, false, 0.00, 0.00, false, NULL, NULL, NULL);
INSERT INTO public.rd_business_years (id, business_id, year, gross_receipts, total_qre, created_at, updated_at, qc_status, qc_approved_by, qc_approved_at, payment_received, payment_received_at, qc_notes, payment_amount, documents_released, documents_released_at, documents_released_by, employee_qre, contractor_qre, supply_qre, qre_locked, federal_credit, state_credit, credits_locked, credits_calculated_at, credits_locked_by, credits_locked_at) VALUES ('c1c29b4b-7552-46a1-b8b7-3abce75af2f8', '238c86c1-bd3a-42a3-acf0-f6176bd6b92e', 2023, 0.00, 0.00, '2025-07-19 20:25:30.180177+00', '2025-07-19 20:25:30.180177+00', 'pending', NULL, NULL, false, NULL, NULL, NULL, false, NULL, NULL, 0.00, 0.00, 0.00, false, 0.00, 0.00, false, NULL, NULL, NULL);
INSERT INTO public.rd_business_years (id, business_id, year, gross_receipts, total_qre, created_at, updated_at, qc_status, qc_approved_by, qc_approved_at, payment_received, payment_received_at, qc_notes, payment_amount, documents_released, documents_released_at, documents_released_by, employee_qre, contractor_qre, supply_qre, qre_locked, federal_credit, state_credit, credits_locked, credits_calculated_at, credits_locked_by, credits_locked_at) VALUES ('6142b52c-4ea1-497d-9a9e-c230d7275360', '238c86c1-bd3a-42a3-acf0-f6176bd6b92e', 2026, 0.00, 0.00, '2025-07-19 20:25:30.358158+00', '2025-07-19 20:25:30.358158+00', 'pending', NULL, NULL, false, NULL, NULL, NULL, false, NULL, NULL, 0.00, 0.00, 0.00, false, 0.00, 0.00, false, NULL, NULL, NULL);
INSERT INTO public.rd_business_years (id, business_id, year, gross_receipts, total_qre, created_at, updated_at, qc_status, qc_approved_by, qc_approved_at, payment_received, payment_received_at, qc_notes, payment_amount, documents_released, documents_released_at, documents_released_by, employee_qre, contractor_qre, supply_qre, qre_locked, federal_credit, state_credit, credits_locked, credits_calculated_at, credits_locked_by, credits_locked_at) VALUES ('b43135f4-7c1c-4957-8259-8aae34536395', '238c86c1-bd3a-42a3-acf0-f6176bd6b92e', 2024, 0.00, 0.00, '2025-07-19 20:25:30.360582+00', '2025-07-19 20:25:30.360582+00', 'pending', NULL, NULL, false, NULL, NULL, NULL, false, NULL, NULL, 0.00, 0.00, 0.00, false, 0.00, 0.00, false, NULL, NULL, NULL);
INSERT INTO public.rd_business_years (id, business_id, year, gross_receipts, total_qre, created_at, updated_at, qc_status, qc_approved_by, qc_approved_at, payment_received, payment_received_at, qc_notes, payment_amount, documents_released, documents_released_at, documents_released_by, employee_qre, contractor_qre, supply_qre, qre_locked, federal_credit, state_credit, credits_locked, credits_calculated_at, credits_locked_by, credits_locked_at) VALUES ('ca38cc32-4309-4aca-bee2-cfac760c0f5b', '1048da75-727c-498e-a536-edd128485836', 2018, 0.00, 0.00, '2025-07-22 16:15:46.32124+00', '2025-07-22 16:15:46.32124+00', 'pending', NULL, NULL, false, NULL, NULL, NULL, false, NULL, NULL, 0.00, 0.00, 0.00, false, 0.00, 0.00, false, NULL, NULL, NULL);
INSERT INTO public.rd_business_years (id, business_id, year, gross_receipts, total_qre, created_at, updated_at, qc_status, qc_approved_by, qc_approved_at, payment_received, payment_received_at, qc_notes, payment_amount, documents_released, documents_released_at, documents_released_by, employee_qre, contractor_qre, supply_qre, qre_locked, federal_credit, state_credit, credits_locked, credits_calculated_at, credits_locked_by, credits_locked_at) VALUES ('c26898f7-9ffc-49cc-9d84-81a8df3768e8', 'bc4458da-e5ec-403a-85e1-490386a40c75', 2017, 3855694.00, 1081020.00, '2025-07-23 16:27:54.988479+00', '2025-07-23 16:27:54.988479+00', 'pending', NULL, NULL, false, NULL, NULL, NULL, false, NULL, NULL, 0.00, 0.00, 0.00, false, 0.00, 0.00, false, NULL, NULL, NULL);
INSERT INTO public.rd_business_years (id, business_id, year, gross_receipts, total_qre, created_at, updated_at, qc_status, qc_approved_by, qc_approved_at, payment_received, payment_received_at, qc_notes, payment_amount, documents_released, documents_released_at, documents_released_by, employee_qre, contractor_qre, supply_qre, qre_locked, federal_credit, state_credit, credits_locked, credits_calculated_at, credits_locked_by, credits_locked_at) VALUES ('5b9f4bab-084b-4aec-91af-7986f65fe7cb', 'bc4458da-e5ec-403a-85e1-490386a40c75', 2019, 4024332.00, 0.00, '2025-07-23 16:26:29.654507+00', '2025-07-23 16:26:29.654507+00', 'pending', NULL, NULL, false, NULL, NULL, NULL, false, NULL, NULL, 0.00, 0.00, 0.00, false, 0.00, 0.00, false, NULL, NULL, NULL);
INSERT INTO public.rd_business_years (id, business_id, year, gross_receipts, total_qre, created_at, updated_at, qc_status, qc_approved_by, qc_approved_at, payment_received, payment_received_at, qc_notes, payment_amount, documents_released, documents_released_at, documents_released_by, employee_qre, contractor_qre, supply_qre, qre_locked, federal_credit, state_credit, credits_locked, credits_calculated_at, credits_locked_by, credits_locked_at) VALUES ('0553fb01-c1ac-4d49-b00c-1b6295ef393c', 'a3e01643-3aa0-4cd6-b251-07ef16100cf2', 2019, 1581537.00, 137796.00, '2025-07-23 14:48:42.911619+00', '2025-07-23 14:48:42.911619+00', 'pending', NULL, NULL, false, NULL, NULL, NULL, false, NULL, NULL, 0.00, 0.00, 0.00, false, 0.00, 0.00, false, NULL, NULL, NULL);
INSERT INTO public.rd_business_years (id, business_id, year, gross_receipts, total_qre, created_at, updated_at, qc_status, qc_approved_by, qc_approved_at, payment_received, payment_received_at, qc_notes, payment_amount, documents_released, documents_released_at, documents_released_by, employee_qre, contractor_qre, supply_qre, qre_locked, federal_credit, state_credit, credits_locked, credits_calculated_at, credits_locked_by, credits_locked_at) VALUES ('e43735ab-f2c8-41de-9750-79b6e6f4688e', 'a3e01643-3aa0-4cd6-b251-07ef16100cf2', 2020, 1420129.00, 169249.00, '2025-07-23 14:48:42.911619+00', '2025-07-23 14:48:42.911619+00', 'pending', NULL, NULL, false, NULL, NULL, NULL, false, NULL, NULL, 0.00, 0.00, 0.00, false, 0.00, 0.00, false, NULL, NULL, NULL);
INSERT INTO public.rd_business_years (id, business_id, year, gross_receipts, total_qre, created_at, updated_at, qc_status, qc_approved_by, qc_approved_at, payment_received, payment_received_at, qc_notes, payment_amount, documents_released, documents_released_at, documents_released_by, employee_qre, contractor_qre, supply_qre, qre_locked, federal_credit, state_credit, credits_locked, credits_calculated_at, credits_locked_by, credits_locked_at) VALUES ('2d289d07-045d-465d-b7b1-59e42bd2ebe8', 'a3e01643-3aa0-4cd6-b251-07ef16100cf2', 2021, 1788500.00, 220447.00, '2025-07-23 14:48:42.911619+00', '2025-07-23 14:48:42.911619+00', 'pending', NULL, NULL, false, NULL, NULL, NULL, false, NULL, NULL, 0.00, 0.00, 0.00, false, 0.00, 0.00, false, NULL, NULL, NULL);
INSERT INTO public.rd_business_years (id, business_id, year, gross_receipts, total_qre, created_at, updated_at, qc_status, qc_approved_by, qc_approved_at, payment_received, payment_received_at, qc_notes, payment_amount, documents_released, documents_released_at, documents_released_by, employee_qre, contractor_qre, supply_qre, qre_locked, federal_credit, state_credit, credits_locked, credits_calculated_at, credits_locked_by, credits_locked_at) VALUES ('404c5fea-e5ea-4241-b567-7d2a9d51126c', 'a3e01643-3aa0-4cd6-b251-07ef16100cf2', 2022, 0.00, 348261.00, '2025-07-23 14:48:42.911619+00', '2025-07-23 14:48:42.911619+00', 'pending', NULL, NULL, false, NULL, NULL, NULL, false, NULL, NULL, 0.00, 0.00, 0.00, false, 0.00, 0.00, false, NULL, NULL, NULL);
INSERT INTO public.rd_business_years (id, business_id, year, gross_receipts, total_qre, created_at, updated_at, qc_status, qc_approved_by, qc_approved_at, payment_received, payment_received_at, qc_notes, payment_amount, documents_released, documents_released_at, documents_released_by, employee_qre, contractor_qre, supply_qre, qre_locked, federal_credit, state_credit, credits_locked, credits_calculated_at, credits_locked_by, credits_locked_at) VALUES ('0058db01-a659-40b2-b156-f0557f936442', 'a3e01643-3aa0-4cd6-b251-07ef16100cf2', 2023, 0.00, 255919.00, '2025-07-23 14:48:42.911619+00', '2025-07-23 14:48:42.911619+00', 'pending', NULL, NULL, false, NULL, NULL, NULL, false, NULL, NULL, 0.00, 0.00, 0.00, false, 0.00, 0.00, false, NULL, NULL, NULL);
INSERT INTO public.rd_business_years (id, business_id, year, gross_receipts, total_qre, created_at, updated_at, qc_status, qc_approved_by, qc_approved_at, payment_received, payment_received_at, qc_notes, payment_amount, documents_released, documents_released_at, documents_released_by, employee_qre, contractor_qre, supply_qre, qre_locked, federal_credit, state_credit, credits_locked, credits_calculated_at, credits_locked_by, credits_locked_at) VALUES ('53b955b1-57a0-49e6-a0f4-fe51aeeefff6', 'bc4458da-e5ec-403a-85e1-490386a40c75', 2025, 0.00, 0.00, '2025-07-23 16:26:29.654507+00', '2025-07-23 16:26:29.654507+00', 'pending', NULL, NULL, false, NULL, NULL, NULL, false, NULL, NULL, 0.00, 0.00, 0.00, false, 0.00, 0.00, false, NULL, NULL, NULL);
INSERT INTO public.rd_business_years (id, business_id, year, gross_receipts, total_qre, created_at, updated_at, qc_status, qc_approved_by, qc_approved_at, payment_received, payment_received_at, qc_notes, payment_amount, documents_released, documents_released_at, documents_released_by, employee_qre, contractor_qre, supply_qre, qre_locked, federal_credit, state_credit, credits_locked, credits_calculated_at, credits_locked_by, credits_locked_at) VALUES ('aa2ab36c-60b9-47cd-b414-6235955c8dca', 'bc4458da-e5ec-403a-85e1-490386a40c75', 2024, 0.00, 0.00, '2025-07-23 16:26:29.654507+00', '2025-07-23 16:26:29.654507+00', 'pending', NULL, NULL, false, NULL, NULL, NULL, false, NULL, NULL, 0.00, 0.00, 0.00, false, 0.00, 0.00, false, NULL, NULL, NULL);
INSERT INTO public.rd_business_years (id, business_id, year, gross_receipts, total_qre, created_at, updated_at, qc_status, qc_approved_by, qc_approved_at, payment_received, payment_received_at, qc_notes, payment_amount, documents_released, documents_released_at, documents_released_by, employee_qre, contractor_qre, supply_qre, qre_locked, federal_credit, state_credit, credits_locked, credits_calculated_at, credits_locked_by, credits_locked_at) VALUES ('b93fab32-9006-4351-ade4-0e27cd831420', 'bc4458da-e5ec-403a-85e1-490386a40c75', 2023, 0.00, 0.00, '2025-07-23 16:26:29.654507+00', '2025-07-23 16:26:29.654507+00', 'pending', NULL, NULL, false, NULL, NULL, NULL, false, NULL, NULL, 0.00, 0.00, 0.00, false, 0.00, 0.00, false, NULL, NULL, NULL);
INSERT INTO public.rd_business_years (id, business_id, year, gross_receipts, total_qre, created_at, updated_at, qc_status, qc_approved_by, qc_approved_at, payment_received, payment_received_at, qc_notes, payment_amount, documents_released, documents_released_at, documents_released_by, employee_qre, contractor_qre, supply_qre, qre_locked, federal_credit, state_credit, credits_locked, credits_calculated_at, credits_locked_by, credits_locked_at) VALUES ('7f0c6519-013d-4e22-8040-fd72544736d3', 'bc4458da-e5ec-403a-85e1-490386a40c75', 2022, 0.00, 0.00, '2025-07-23 16:26:29.654507+00', '2025-07-23 16:26:29.654507+00', 'pending', NULL, NULL, false, NULL, NULL, NULL, false, NULL, NULL, 0.00, 0.00, 0.00, false, 0.00, 0.00, false, NULL, NULL, NULL);
INSERT INTO public.rd_business_years (id, business_id, year, gross_receipts, total_qre, created_at, updated_at, qc_status, qc_approved_by, qc_approved_at, payment_received, payment_received_at, qc_notes, payment_amount, documents_released, documents_released_at, documents_released_by, employee_qre, contractor_qre, supply_qre, qre_locked, federal_credit, state_credit, credits_locked, credits_calculated_at, credits_locked_by, credits_locked_at) VALUES ('29c54941-633b-4fe3-913b-c760e4bb48fb', 'bc4458da-e5ec-403a-85e1-490386a40c75', 2021, 0.00, 0.00, '2025-07-23 16:26:29.654507+00', '2025-07-23 16:26:29.654507+00', 'pending', NULL, NULL, false, NULL, NULL, NULL, false, NULL, NULL, 0.00, 0.00, 0.00, false, 0.00, 0.00, false, NULL, NULL, NULL);
INSERT INTO public.rd_business_years (id, business_id, year, gross_receipts, total_qre, created_at, updated_at, qc_status, qc_approved_by, qc_approved_at, payment_received, payment_received_at, qc_notes, payment_amount, documents_released, documents_released_at, documents_released_by, employee_qre, contractor_qre, supply_qre, qre_locked, federal_credit, state_credit, credits_locked, credits_calculated_at, credits_locked_by, credits_locked_at) VALUES ('77cbd8c9-2bc8-499d-8198-2725cfb1dc48', 'bc4458da-e5ec-403a-85e1-490386a40c75', 2018, 3828863.00, 385456.00, '2025-07-23 16:26:29.654507+00', '2025-07-23 16:26:29.654507+00', 'pending', NULL, NULL, false, NULL, NULL, NULL, false, NULL, NULL, 0.00, 0.00, 0.00, false, 0.00, 0.00, false, NULL, NULL, NULL);
INSERT INTO public.rd_business_years (id, business_id, year, gross_receipts, total_qre, created_at, updated_at, qc_status, qc_approved_by, qc_approved_at, payment_received, payment_received_at, qc_notes, payment_amount, documents_released, documents_released_at, documents_released_by, employee_qre, contractor_qre, supply_qre, qre_locked, federal_credit, state_credit, credits_locked, credits_calculated_at, credits_locked_by, credits_locked_at) VALUES ('73e36d92-8560-477a-8176-58a52cc6daf7', 'bc4458da-e5ec-403a-85e1-490386a40c75', 2020, 3636231.00, 0.00, '2025-07-23 16:26:29.654507+00', '2025-07-23 16:26:29.654507+00', 'pending', NULL, NULL, false, NULL, NULL, NULL, false, NULL, NULL, 0.00, 0.00, 0.00, false, 0.00, 0.00, false, NULL, NULL, NULL);
INSERT INTO public.rd_business_years (id, business_id, year, gross_receipts, total_qre, created_at, updated_at, qc_status, qc_approved_by, qc_approved_at, payment_received, payment_received_at, qc_notes, payment_amount, documents_released, documents_released_at, documents_released_by, employee_qre, contractor_qre, supply_qre, qre_locked, federal_credit, state_credit, credits_locked, credits_calculated_at, credits_locked_by, credits_locked_at) VALUES ('0b509c87-667d-40d2-a1a2-c1e70c808582', '04bd6120-d27d-45a3-ba33-b65fdc3a1461', 2022, 0.00, 261828.00, '2025-07-23 18:19:16.354459+00', '2025-07-29 02:42:11.861+00', 'pending', NULL, NULL, false, NULL, NULL, NULL, false, NULL, NULL, 261828.00, 0.00, 0.00, true, 0.00, 0.00, false, NULL, NULL, NULL);
INSERT INTO public.rd_business_years (id, business_id, year, gross_receipts, total_qre, created_at, updated_at, qc_status, qc_approved_by, qc_approved_at, payment_received, payment_received_at, qc_notes, payment_amount, documents_released, documents_released_at, documents_released_by, employee_qre, contractor_qre, supply_qre, qre_locked, federal_credit, state_credit, credits_locked, credits_calculated_at, credits_locked_by, credits_locked_at) VALUES ('85206de3-99eb-46a1-9734-bbdd69d6b160', '04bd6120-d27d-45a3-ba33-b65fdc3a1461', 2025, 0.00, 0.00, '2025-07-23 18:19:16.354459+00', '2025-07-23 18:19:16.354459+00', 'pending', NULL, NULL, false, NULL, NULL, NULL, false, NULL, NULL, 0.00, 0.00, 0.00, false, 0.00, 0.00, false, NULL, NULL, NULL);
INSERT INTO public.rd_business_years (id, business_id, year, gross_receipts, total_qre, created_at, updated_at, qc_status, qc_approved_by, qc_approved_at, payment_received, payment_received_at, qc_notes, payment_amount, documents_released, documents_released_at, documents_released_by, employee_qre, contractor_qre, supply_qre, qre_locked, federal_credit, state_credit, credits_locked, credits_calculated_at, credits_locked_by, credits_locked_at) VALUES ('39686a98-9209-4c06-8cae-fa6558465d0e', '04bd6120-d27d-45a3-ba33-b65fdc3a1461', 2019, 0.00, 0.00, '2025-07-23 18:19:16.354459+00', '2025-07-23 18:19:16.354459+00', 'pending', NULL, NULL, false, NULL, NULL, NULL, false, NULL, NULL, 0.00, 0.00, 0.00, false, 0.00, 0.00, false, NULL, NULL, NULL);
INSERT INTO public.rd_business_years (id, business_id, year, gross_receipts, total_qre, created_at, updated_at, qc_status, qc_approved_by, qc_approved_at, payment_received, payment_received_at, qc_notes, payment_amount, documents_released, documents_released_at, documents_released_by, employee_qre, contractor_qre, supply_qre, qre_locked, federal_credit, state_credit, credits_locked, credits_calculated_at, credits_locked_by, credits_locked_at) VALUES ('5149a0ff-45c1-4e4c-980f-4383944d9168', '04bd6120-d27d-45a3-ba33-b65fdc3a1461', 2023, 0.00, 224468.00, '2025-07-23 18:19:16.354459+00', '2025-07-29 03:13:33.92+00', 'pending', NULL, NULL, false, NULL, NULL, NULL, false, NULL, NULL, 224468.00, 0.00, 0.00, true, 0.00, 0.00, false, NULL, NULL, NULL);
INSERT INTO public.rd_business_years (id, business_id, year, gross_receipts, total_qre, created_at, updated_at, qc_status, qc_approved_by, qc_approved_at, payment_received, payment_received_at, qc_notes, payment_amount, documents_released, documents_released_at, documents_released_by, employee_qre, contractor_qre, supply_qre, qre_locked, federal_credit, state_credit, credits_locked, credits_calculated_at, credits_locked_by, credits_locked_at) VALUES ('9153347a-b458-4809-9aed-1b6b4b27f210', '04bd6120-d27d-45a3-ba33-b65fdc3a1461', 2021, 0.00, 178308.00, '2025-07-23 18:19:16.354459+00', '2025-07-23 18:19:16.354459+00', 'pending', NULL, NULL, false, NULL, NULL, NULL, false, NULL, NULL, 0.00, 0.00, 0.00, false, 0.00, 0.00, false, NULL, NULL, NULL);
INSERT INTO public.rd_business_years (id, business_id, year, gross_receipts, total_qre, created_at, updated_at, qc_status, qc_approved_by, qc_approved_at, payment_received, payment_received_at, qc_notes, payment_amount, documents_released, documents_released_at, documents_released_by, employee_qre, contractor_qre, supply_qre, qre_locked, federal_credit, state_credit, credits_locked, credits_calculated_at, credits_locked_by, credits_locked_at) VALUES ('eb46559a-48cc-4c57-85ed-7e3e1055b549', '04bd6120-d27d-45a3-ba33-b65fdc3a1461', 2020, 0.00, 62878.00, '2025-07-23 18:19:16.354459+00', '2025-07-23 18:19:16.354459+00', 'pending', NULL, NULL, false, NULL, NULL, NULL, false, NULL, NULL, 0.00, 0.00, 0.00, false, 0.00, 0.00, false, NULL, NULL, NULL);
INSERT INTO public.rd_business_years (id, business_id, year, gross_receipts, total_qre, created_at, updated_at, qc_status, qc_approved_by, qc_approved_at, payment_received, payment_received_at, qc_notes, payment_amount, documents_released, documents_released_at, documents_released_by, employee_qre, contractor_qre, supply_qre, qre_locked, federal_credit, state_credit, credits_locked, credits_calculated_at, credits_locked_by, credits_locked_at) VALUES ('1465d219-c5c1-4301-a88d-ddf858bcef45', '04bd6120-d27d-45a3-ba33-b65fdc3a1461', 2024, 0.00, 235556.00, '2025-07-23 18:19:16.354459+00', '2025-07-29 03:16:00.706+00', 'pending', NULL, NULL, false, NULL, NULL, NULL, false, NULL, NULL, 235556.00, 0.00, 0.00, true, 0.00, 0.00, false, NULL, NULL, NULL);
INSERT INTO public.rd_business_years (id, business_id, year, gross_receipts, total_qre, created_at, updated_at, qc_status, qc_approved_by, qc_approved_at, payment_received, payment_received_at, qc_notes, payment_amount, documents_released, documents_released_at, documents_released_by, employee_qre, contractor_qre, supply_qre, qre_locked, federal_credit, state_credit, credits_locked, credits_calculated_at, credits_locked_by, credits_locked_at) VALUES ('a66caca8-9158-43c2-90cb-627ee5d29a4d', '04bd6120-d27d-45a3-ba33-b65fdc3a1461', 2018, 0.00, 0.00, '2025-07-23 18:19:16.354459+00', '2025-07-23 18:19:16.354459+00', 'pending', NULL, NULL, false, NULL, NULL, NULL, false, NULL, NULL, 0.00, 0.00, 0.00, false, 0.00, 0.00, false, NULL, NULL, NULL);
INSERT INTO public.rd_business_years (id, business_id, year, gross_receipts, total_qre, created_at, updated_at, qc_status, qc_approved_by, qc_approved_at, payment_received, payment_received_at, qc_notes, payment_amount, documents_released, documents_released_at, documents_released_by, employee_qre, contractor_qre, supply_qre, qre_locked, federal_credit, state_credit, credits_locked, credits_calculated_at, credits_locked_by, credits_locked_at) VALUES ('4a6abcc8-1648-47f9-afaf-90c05e5bc51e', '43cf7dff-2cad-4d8c-b776-fc0b0dcbfb8e', 2025, 0.00, 0.00, '2025-07-23 19:28:42.497328+00', '2025-07-23 19:28:42.497328+00', 'pending', NULL, NULL, false, NULL, NULL, NULL, false, NULL, NULL, 0.00, 0.00, 0.00, false, 0.00, 0.00, false, NULL, NULL, NULL);
INSERT INTO public.rd_business_years (id, business_id, year, gross_receipts, total_qre, created_at, updated_at, qc_status, qc_approved_by, qc_approved_at, payment_received, payment_received_at, qc_notes, payment_amount, documents_released, documents_released_at, documents_released_by, employee_qre, contractor_qre, supply_qre, qre_locked, federal_credit, state_credit, credits_locked, credits_calculated_at, credits_locked_by, credits_locked_at) VALUES ('5171548e-5e9e-4a4b-b683-e9e34f754042', '43cf7dff-2cad-4d8c-b776-fc0b0dcbfb8e', 2024, 0.00, 0.00, '2025-07-23 19:28:42.497328+00', '2025-07-23 19:28:42.497328+00', 'pending', NULL, NULL, false, NULL, NULL, NULL, false, NULL, NULL, 0.00, 0.00, 0.00, false, 0.00, 0.00, false, NULL, NULL, NULL);
INSERT INTO public.rd_business_years (id, business_id, year, gross_receipts, total_qre, created_at, updated_at, qc_status, qc_approved_by, qc_approved_at, payment_received, payment_received_at, qc_notes, payment_amount, documents_released, documents_released_at, documents_released_by, employee_qre, contractor_qre, supply_qre, qre_locked, federal_credit, state_credit, credits_locked, credits_calculated_at, credits_locked_by, credits_locked_at) VALUES ('b0d0d802-41a2-4fed-b59e-d8d4b42466e5', '43cf7dff-2cad-4d8c-b776-fc0b0dcbfb8e', 2023, 0.00, 0.00, '2025-07-23 19:28:42.497328+00', '2025-07-23 19:28:42.497328+00', 'pending', NULL, NULL, false, NULL, NULL, NULL, false, NULL, NULL, 0.00, 0.00, 0.00, false, 0.00, 0.00, false, NULL, NULL, NULL);
INSERT INTO public.rd_business_years (id, business_id, year, gross_receipts, total_qre, created_at, updated_at, qc_status, qc_approved_by, qc_approved_at, payment_received, payment_received_at, qc_notes, payment_amount, documents_released, documents_released_at, documents_released_by, employee_qre, contractor_qre, supply_qre, qre_locked, federal_credit, state_credit, credits_locked, credits_calculated_at, credits_locked_by, credits_locked_at) VALUES ('cea08e06-cd99-44b1-95de-2cc750d69cc0', '43cf7dff-2cad-4d8c-b776-fc0b0dcbfb8e', 2022, 0.00, 0.00, '2025-07-23 19:28:42.497328+00', '2025-07-23 19:28:42.497328+00', 'pending', NULL, NULL, false, NULL, NULL, NULL, false, NULL, NULL, 0.00, 0.00, 0.00, false, 0.00, 0.00, false, NULL, NULL, NULL);
INSERT INTO public.rd_business_years (id, business_id, year, gross_receipts, total_qre, created_at, updated_at, qc_status, qc_approved_by, qc_approved_at, payment_received, payment_received_at, qc_notes, payment_amount, documents_released, documents_released_at, documents_released_by, employee_qre, contractor_qre, supply_qre, qre_locked, federal_credit, state_credit, credits_locked, credits_calculated_at, credits_locked_by, credits_locked_at) VALUES ('ec895aea-7d81-45ce-be0d-cf2e2cc0829b', '43cf7dff-2cad-4d8c-b776-fc0b0dcbfb8e', 2021, 0.00, 0.00, '2025-07-23 19:28:42.497328+00', '2025-07-23 19:28:42.497328+00', 'pending', NULL, NULL, false, NULL, NULL, NULL, false, NULL, NULL, 0.00, 0.00, 0.00, false, 0.00, 0.00, false, NULL, NULL, NULL);
INSERT INTO public.rd_business_years (id, business_id, year, gross_receipts, total_qre, created_at, updated_at, qc_status, qc_approved_by, qc_approved_at, payment_received, payment_received_at, qc_notes, payment_amount, documents_released, documents_released_at, documents_released_by, employee_qre, contractor_qre, supply_qre, qre_locked, federal_credit, state_credit, credits_locked, credits_calculated_at, credits_locked_by, credits_locked_at) VALUES ('739af8e6-fe4b-4fa2-9859-8c6ee41c5045', '43cf7dff-2cad-4d8c-b776-fc0b0dcbfb8e', 2020, 0.00, 0.00, '2025-07-23 19:28:42.497328+00', '2025-07-23 19:28:42.497328+00', 'pending', NULL, NULL, false, NULL, NULL, NULL, false, NULL, NULL, 0.00, 0.00, 0.00, false, 0.00, 0.00, false, NULL, NULL, NULL);
INSERT INTO public.rd_business_years (id, business_id, year, gross_receipts, total_qre, created_at, updated_at, qc_status, qc_approved_by, qc_approved_at, payment_received, payment_received_at, qc_notes, payment_amount, documents_released, documents_released_at, documents_released_by, employee_qre, contractor_qre, supply_qre, qre_locked, federal_credit, state_credit, credits_locked, credits_calculated_at, credits_locked_by, credits_locked_at) VALUES ('6e364fc1-81d4-49e8-9ad9-ff44fff750fe', '43cf7dff-2cad-4d8c-b776-fc0b0dcbfb8e', 2019, 0.00, 0.00, '2025-07-23 19:28:42.497328+00', '2025-07-23 19:28:42.497328+00', 'pending', NULL, NULL, false, NULL, NULL, NULL, false, NULL, NULL, 0.00, 0.00, 0.00, false, 0.00, 0.00, false, NULL, NULL, NULL);
INSERT INTO public.rd_business_years (id, business_id, year, gross_receipts, total_qre, created_at, updated_at, qc_status, qc_approved_by, qc_approved_at, payment_received, payment_received_at, qc_notes, payment_amount, documents_released, documents_released_at, documents_released_by, employee_qre, contractor_qre, supply_qre, qre_locked, federal_credit, state_credit, credits_locked, credits_calculated_at, credits_locked_by, credits_locked_at) VALUES ('e37e89fa-a7a7-4467-b76e-c553723a6876', '43cf7dff-2cad-4d8c-b776-fc0b0dcbfb8e', 2018, 0.00, 0.00, '2025-07-23 19:28:42.497328+00', '2025-07-23 19:28:42.497328+00', 'pending', NULL, NULL, false, NULL, NULL, NULL, false, NULL, NULL, 0.00, 0.00, 0.00, false, 0.00, 0.00, false, NULL, NULL, NULL);
INSERT INTO public.rd_business_years (id, business_id, year, gross_receipts, total_qre, created_at, updated_at, qc_status, qc_approved_by, qc_approved_at, payment_received, payment_received_at, qc_notes, payment_amount, documents_released, documents_released_at, documents_released_by, employee_qre, contractor_qre, supply_qre, qre_locked, federal_credit, state_credit, credits_locked, credits_calculated_at, credits_locked_by, credits_locked_at) VALUES ('0b4dab4c-ca7c-435f-a639-55dce99cb956', '0eac08d8-80d1-4159-a751-4613d3423848', 2025, 0.00, 265360.00, '2025-07-26 11:18:32.145733+00', '2025-07-29 13:20:51.697+00', 'approved', NULL, '2025-07-29 13:21:48.582', false, NULL, NULL, NULL, false, NULL, NULL, 265360.00, 0.00, 0.00, true, 15175.00, 31716.00, true, '2025-07-27 16:22:58.828+00', NULL, '2025-07-27 16:22:58.828+00');
INSERT INTO public.rd_business_years (id, business_id, year, gross_receipts, total_qre, created_at, updated_at, qc_status, qc_approved_by, qc_approved_at, payment_received, payment_received_at, qc_notes, payment_amount, documents_released, documents_released_at, documents_released_by, employee_qre, contractor_qre, supply_qre, qre_locked, federal_credit, state_credit, credits_locked, credits_calculated_at, credits_locked_by, credits_locked_at) VALUES ('196f57ec-4b87-4030-bd7e-a78bf15ade41', 'f7f6b107-cfe4-4a7c-8d26-caf41b381233', 2023, 18152889.00, 1959260.00, '2025-07-24 21:43:18.998135+00', '2025-07-29 19:03:35.228+00', 'pending', NULL, NULL, false, NULL, NULL, NULL, false, NULL, NULL, 1805818.00, 2825.00, 150617.00, true, 0.00, 0.00, false, NULL, NULL, NULL);
INSERT INTO public.rd_business_years (id, business_id, year, gross_receipts, total_qre, created_at, updated_at, qc_status, qc_approved_by, qc_approved_at, payment_received, payment_received_at, qc_notes, payment_amount, documents_released, documents_released_at, documents_released_by, employee_qre, contractor_qre, supply_qre, qre_locked, federal_credit, state_credit, credits_locked, credits_calculated_at, credits_locked_by, credits_locked_at) VALUES ('3a6bb914-5003-4431-b6a7-af6617166ef0', 'f7f6b107-cfe4-4a7c-8d26-caf41b381233', 2024, 26447335.00, 1628901.00, '2025-07-24 21:43:18.998135+00', '2025-07-25 23:22:41.771+00', 'pending', NULL, NULL, false, NULL, NULL, NULL, false, NULL, NULL, 933414.00, 0.00, 695487.00, true, 0.00, 0.00, false, NULL, NULL, NULL);
INSERT INTO public.rd_business_years (id, business_id, year, gross_receipts, total_qre, created_at, updated_at, qc_status, qc_approved_by, qc_approved_at, payment_received, payment_received_at, qc_notes, payment_amount, documents_released, documents_released_at, documents_released_by, employee_qre, contractor_qre, supply_qre, qre_locked, federal_credit, state_credit, credits_locked, credits_calculated_at, credits_locked_by, credits_locked_at) VALUES ('26a4fefb-7c48-4e15-a5cb-99dc78eec021', '12fa3afa-5016-4f55-96e2-0e3f481692dc', 2025, 0.00, 0.00, '2025-07-26 11:17:09.209161+00', '2025-07-26 11:17:09.209161+00', 'pending', NULL, NULL, false, NULL, NULL, NULL, false, NULL, NULL, 0.00, 0.00, 0.00, false, 0.00, 0.00, false, NULL, NULL, NULL);
INSERT INTO public.rd_business_years (id, business_id, year, gross_receipts, total_qre, created_at, updated_at, qc_status, qc_approved_by, qc_approved_at, payment_received, payment_received_at, qc_notes, payment_amount, documents_released, documents_released_at, documents_released_by, employee_qre, contractor_qre, supply_qre, qre_locked, federal_credit, state_credit, credits_locked, credits_calculated_at, credits_locked_by, credits_locked_at) VALUES ('b846722b-ac8c-4c47-8645-bb39b6ddcdaf', '12fa3afa-5016-4f55-96e2-0e3f481692dc', 2024, 0.00, 0.00, '2025-07-26 11:17:09.209161+00', '2025-07-26 11:17:09.209161+00', 'pending', NULL, NULL, false, NULL, NULL, NULL, false, NULL, NULL, 0.00, 0.00, 0.00, false, 0.00, 0.00, false, NULL, NULL, NULL);
INSERT INTO public.rd_business_years (id, business_id, year, gross_receipts, total_qre, created_at, updated_at, qc_status, qc_approved_by, qc_approved_at, payment_received, payment_received_at, qc_notes, payment_amount, documents_released, documents_released_at, documents_released_by, employee_qre, contractor_qre, supply_qre, qre_locked, federal_credit, state_credit, credits_locked, credits_calculated_at, credits_locked_by, credits_locked_at) VALUES ('eb6a10f0-85d1-49ea-9c3b-b3ebb3904b59', '12fa3afa-5016-4f55-96e2-0e3f481692dc', 2023, 0.00, 0.00, '2025-07-26 11:17:09.209161+00', '2025-07-26 11:17:09.209161+00', 'pending', NULL, NULL, false, NULL, NULL, NULL, false, NULL, NULL, 0.00, 0.00, 0.00, false, 0.00, 0.00, false, NULL, NULL, NULL);
INSERT INTO public.rd_business_years (id, business_id, year, gross_receipts, total_qre, created_at, updated_at, qc_status, qc_approved_by, qc_approved_at, payment_received, payment_received_at, qc_notes, payment_amount, documents_released, documents_released_at, documents_released_by, employee_qre, contractor_qre, supply_qre, qre_locked, federal_credit, state_credit, credits_locked, credits_calculated_at, credits_locked_by, credits_locked_at) VALUES ('c65322d8-e944-4b61-a902-67430484328f', '12fa3afa-5016-4f55-96e2-0e3f481692dc', 2022, 0.00, 0.00, '2025-07-26 11:17:09.209161+00', '2025-07-26 11:17:09.209161+00', 'pending', NULL, NULL, false, NULL, NULL, NULL, false, NULL, NULL, 0.00, 0.00, 0.00, false, 0.00, 0.00, false, NULL, NULL, NULL);
INSERT INTO public.rd_business_years (id, business_id, year, gross_receipts, total_qre, created_at, updated_at, qc_status, qc_approved_by, qc_approved_at, payment_received, payment_received_at, qc_notes, payment_amount, documents_released, documents_released_at, documents_released_by, employee_qre, contractor_qre, supply_qre, qre_locked, federal_credit, state_credit, credits_locked, credits_calculated_at, credits_locked_by, credits_locked_at) VALUES ('48159cba-d418-4f64-8878-ca353d8d5f88', '12fa3afa-5016-4f55-96e2-0e3f481692dc', 2021, 0.00, 0.00, '2025-07-26 11:17:09.209161+00', '2025-07-26 11:17:09.209161+00', 'pending', NULL, NULL, false, NULL, NULL, NULL, false, NULL, NULL, 0.00, 0.00, 0.00, false, 0.00, 0.00, false, NULL, NULL, NULL);
INSERT INTO public.rd_business_years (id, business_id, year, gross_receipts, total_qre, created_at, updated_at, qc_status, qc_approved_by, qc_approved_at, payment_received, payment_received_at, qc_notes, payment_amount, documents_released, documents_released_at, documents_released_by, employee_qre, contractor_qre, supply_qre, qre_locked, federal_credit, state_credit, credits_locked, credits_calculated_at, credits_locked_by, credits_locked_at) VALUES ('2b80c5ad-956f-42b6-a8a5-39dab5b8e230', '12fa3afa-5016-4f55-96e2-0e3f481692dc', 2020, 0.00, 0.00, '2025-07-26 11:17:09.209161+00', '2025-07-26 11:17:09.209161+00', 'pending', NULL, NULL, false, NULL, NULL, NULL, false, NULL, NULL, 0.00, 0.00, 0.00, false, 0.00, 0.00, false, NULL, NULL, NULL);
INSERT INTO public.rd_business_years (id, business_id, year, gross_receipts, total_qre, created_at, updated_at, qc_status, qc_approved_by, qc_approved_at, payment_received, payment_received_at, qc_notes, payment_amount, documents_released, documents_released_at, documents_released_by, employee_qre, contractor_qre, supply_qre, qre_locked, federal_credit, state_credit, credits_locked, credits_calculated_at, credits_locked_by, credits_locked_at) VALUES ('679ac76e-bfbf-4fba-babc-a87bab35ad32', '12fa3afa-5016-4f55-96e2-0e3f481692dc', 2019, 0.00, 0.00, '2025-07-26 11:17:09.209161+00', '2025-07-26 11:17:09.209161+00', 'pending', NULL, NULL, false, NULL, NULL, NULL, false, NULL, NULL, 0.00, 0.00, 0.00, false, 0.00, 0.00, false, NULL, NULL, NULL);
INSERT INTO public.rd_business_years (id, business_id, year, gross_receipts, total_qre, created_at, updated_at, qc_status, qc_approved_by, qc_approved_at, payment_received, payment_received_at, qc_notes, payment_amount, documents_released, documents_released_at, documents_released_by, employee_qre, contractor_qre, supply_qre, qre_locked, federal_credit, state_credit, credits_locked, credits_calculated_at, credits_locked_by, credits_locked_at) VALUES ('8d95751d-3947-4daf-a54a-62f5776a5ea0', '12fa3afa-5016-4f55-96e2-0e3f481692dc', 2018, 0.00, 0.00, '2025-07-26 11:17:09.209161+00', '2025-07-26 11:17:09.209161+00', 'pending', NULL, NULL, false, NULL, NULL, NULL, false, NULL, NULL, 0.00, 0.00, 0.00, false, 0.00, 0.00, false, NULL, NULL, NULL);
INSERT INTO public.rd_business_years (id, business_id, year, gross_receipts, total_qre, created_at, updated_at, qc_status, qc_approved_by, qc_approved_at, payment_received, payment_received_at, qc_notes, payment_amount, documents_released, documents_released_at, documents_released_by, employee_qre, contractor_qre, supply_qre, qre_locked, federal_credit, state_credit, credits_locked, credits_calculated_at, credits_locked_by, credits_locked_at) VALUES ('de31982d-aca8-4cdb-9606-127240af08f5', '0eac08d8-80d1-4159-a751-4613d3423848', 2023, 0.00, 0.00, '2025-07-26 11:18:32.145733+00', '2025-07-26 11:18:32.145733+00', 'pending', NULL, NULL, false, NULL, NULL, NULL, false, NULL, NULL, 0.00, 0.00, 0.00, false, 0.00, 0.00, false, NULL, NULL, NULL);
INSERT INTO public.rd_business_years (id, business_id, year, gross_receipts, total_qre, created_at, updated_at, qc_status, qc_approved_by, qc_approved_at, payment_received, payment_received_at, qc_notes, payment_amount, documents_released, documents_released_at, documents_released_by, employee_qre, contractor_qre, supply_qre, qre_locked, federal_credit, state_credit, credits_locked, credits_calculated_at, credits_locked_by, credits_locked_at) VALUES ('76d3902f-9e79-412e-a3cb-d8593a3d75b1', '0eac08d8-80d1-4159-a751-4613d3423848', 2024, 0.00, 0.00, '2025-07-26 11:18:32.145733+00', '2025-07-26 11:18:32.145733+00', 'ready_for_review', NULL, '2025-07-27 12:47:29.718', false, NULL, NULL, NULL, false, NULL, NULL, 0.00, 0.00, 0.00, false, 0.00, 0.00, false, NULL, NULL, NULL);
INSERT INTO public.rd_business_years (id, business_id, year, gross_receipts, total_qre, created_at, updated_at, qc_status, qc_approved_by, qc_approved_at, payment_received, payment_received_at, qc_notes, payment_amount, documents_released, documents_released_at, documents_released_by, employee_qre, contractor_qre, supply_qre, qre_locked, federal_credit, state_credit, credits_locked, credits_calculated_at, credits_locked_by, credits_locked_at) VALUES ('e6c3dacc-8a92-4ed6-b127-5afda8207916', 'f7f6b107-cfe4-4a7c-8d26-caf41b381233', 2025, 0.00, 0.00, '2025-07-24 21:43:18.998135+00', '2025-07-24 21:43:18.998135+00', 'pending', NULL, NULL, false, NULL, NULL, NULL, false, NULL, NULL, 0.00, 0.00, 0.00, false, 0.00, 0.00, false, NULL, NULL, NULL);
INSERT INTO public.rd_business_years (id, business_id, year, gross_receipts, total_qre, created_at, updated_at, qc_status, qc_approved_by, qc_approved_at, payment_received, payment_received_at, qc_notes, payment_amount, documents_released, documents_released_at, documents_released_by, employee_qre, contractor_qre, supply_qre, qre_locked, federal_credit, state_credit, credits_locked, credits_calculated_at, credits_locked_by, credits_locked_at) VALUES ('15889dc6-c75e-45cc-afe4-cc11615fab14', 'f7f6b107-cfe4-4a7c-8d26-caf41b381233', 2017, 0.00, 44992.00, '2025-07-25 00:37:40.26366+00', '2025-07-25 00:37:40.26366+00', 'pending', NULL, NULL, false, NULL, NULL, NULL, false, NULL, NULL, 0.00, 0.00, 0.00, false, 0.00, 0.00, false, NULL, NULL, NULL);
INSERT INTO public.rd_business_years (id, business_id, year, gross_receipts, total_qre, created_at, updated_at, qc_status, qc_approved_by, qc_approved_at, payment_received, payment_received_at, qc_notes, payment_amount, documents_released, documents_released_at, documents_released_by, employee_qre, contractor_qre, supply_qre, qre_locked, federal_credit, state_credit, credits_locked, credits_calculated_at, credits_locked_by, credits_locked_at) VALUES ('f1d562c5-b223-43c6-a88b-4fdc01a0328e', 'c83bbeb9-f17e-4593-ada6-1341594e9f65', 2025, 0.00, 0.00, '2025-07-28 20:47:55.325643+00', '2025-07-28 20:47:55.325643+00', 'pending', NULL, NULL, false, NULL, NULL, NULL, false, NULL, NULL, 0.00, 0.00, 0.00, false, 0.00, 0.00, false, NULL, NULL, NULL);
INSERT INTO public.rd_business_years (id, business_id, year, gross_receipts, total_qre, created_at, updated_at, qc_status, qc_approved_by, qc_approved_at, payment_received, payment_received_at, qc_notes, payment_amount, documents_released, documents_released_at, documents_released_by, employee_qre, contractor_qre, supply_qre, qre_locked, federal_credit, state_credit, credits_locked, credits_calculated_at, credits_locked_by, credits_locked_at) VALUES ('f69fe3d4-4b82-43bd-b445-d2177cab10e0', 'f7f6b107-cfe4-4a7c-8d26-caf41b381233', 2021, 7121180.00, 360011.00, '2025-07-24 21:43:18.998135+00', '2025-07-24 21:43:18.998135+00', 'pending', NULL, NULL, false, NULL, NULL, NULL, false, NULL, NULL, 0.00, 0.00, 0.00, false, 0.00, 0.00, false, NULL, NULL, NULL);
INSERT INTO public.rd_business_years (id, business_id, year, gross_receipts, total_qre, created_at, updated_at, qc_status, qc_approved_by, qc_approved_at, payment_received, payment_received_at, qc_notes, payment_amount, documents_released, documents_released_at, documents_released_by, employee_qre, contractor_qre, supply_qre, qre_locked, federal_credit, state_credit, credits_locked, credits_calculated_at, credits_locked_by, credits_locked_at) VALUES ('6808d26e-4a8e-4d0c-9ec7-1ae975bbed9e', '48c667a9-8f0a-4f39-8fac-bb9969e32ff0', 2025, 0.00, 0.00, '2025-07-28 21:06:27.686269+00', '2025-07-28 21:06:27.686269+00', 'pending', NULL, NULL, false, NULL, NULL, NULL, false, NULL, NULL, 0.00, 0.00, 0.00, false, 0.00, 0.00, false, NULL, NULL, NULL);
INSERT INTO public.rd_business_years (id, business_id, year, gross_receipts, total_qre, created_at, updated_at, qc_status, qc_approved_by, qc_approved_at, payment_received, payment_received_at, qc_notes, payment_amount, documents_released, documents_released_at, documents_released_by, employee_qre, contractor_qre, supply_qre, qre_locked, federal_credit, state_credit, credits_locked, credits_calculated_at, credits_locked_by, credits_locked_at) VALUES ('c3fc2048-3bad-491e-92cd-de8bdc51e5fd', 'f7f6b107-cfe4-4a7c-8d26-caf41b381233', 2020, 3363058.00, 204772.00, '2025-07-24 21:43:18.998135+00', '2025-07-24 21:43:18.998135+00', 'pending', NULL, NULL, false, NULL, NULL, NULL, false, NULL, NULL, 0.00, 0.00, 0.00, false, 0.00, 0.00, false, NULL, NULL, NULL);
INSERT INTO public.rd_business_years (id, business_id, year, gross_receipts, total_qre, created_at, updated_at, qc_status, qc_approved_by, qc_approved_at, payment_received, payment_received_at, qc_notes, payment_amount, documents_released, documents_released_at, documents_released_by, employee_qre, contractor_qre, supply_qre, qre_locked, federal_credit, state_credit, credits_locked, credits_calculated_at, credits_locked_by, credits_locked_at) VALUES ('af110fe9-1e09-457a-b265-f2ddd45ead05', '79439816-1ae5-4a9e-8d5d-28fae11a4d56', 2025, 0.00, 0.00, '2025-07-28 21:28:41.510121+00', '2025-07-28 21:28:41.510121+00', 'pending', NULL, NULL, false, NULL, NULL, NULL, false, NULL, NULL, 0.00, 0.00, 0.00, false, 0.00, 0.00, false, NULL, NULL, NULL);
INSERT INTO public.rd_business_years (id, business_id, year, gross_receipts, total_qre, created_at, updated_at, qc_status, qc_approved_by, qc_approved_at, payment_received, payment_received_at, qc_notes, payment_amount, documents_released, documents_released_at, documents_released_by, employee_qre, contractor_qre, supply_qre, qre_locked, federal_credit, state_credit, credits_locked, credits_calculated_at, credits_locked_by, credits_locked_at) VALUES ('aed8193d-9ab0-4bc7-a869-199b6010b36d', '79439816-1ae5-4a9e-8d5d-28fae11a4d56', 2024, 0.00, 0.00, '2025-07-28 21:28:41.510121+00', '2025-07-28 21:28:41.510121+00', 'pending', NULL, NULL, false, NULL, NULL, NULL, false, NULL, NULL, 0.00, 0.00, 0.00, false, 0.00, 0.00, false, NULL, NULL, NULL);
INSERT INTO public.rd_business_years (id, business_id, year, gross_receipts, total_qre, created_at, updated_at, qc_status, qc_approved_by, qc_approved_at, payment_received, payment_received_at, qc_notes, payment_amount, documents_released, documents_released_at, documents_released_by, employee_qre, contractor_qre, supply_qre, qre_locked, federal_credit, state_credit, credits_locked, credits_calculated_at, credits_locked_by, credits_locked_at) VALUES ('25780a90-3983-413a-91ed-94259598e5ae', 'f7f6b107-cfe4-4a7c-8d26-caf41b381233', 2019, 2734295.00, 99747.00, '2025-07-24 21:43:18.998135+00', '2025-07-24 21:43:18.998135+00', 'pending', NULL, NULL, false, NULL, NULL, NULL, false, NULL, NULL, 0.00, 0.00, 0.00, false, 0.00, 0.00, false, NULL, NULL, NULL);
INSERT INTO public.rd_business_years (id, business_id, year, gross_receipts, total_qre, created_at, updated_at, qc_status, qc_approved_by, qc_approved_at, payment_received, payment_received_at, qc_notes, payment_amount, documents_released, documents_released_at, documents_released_by, employee_qre, contractor_qre, supply_qre, qre_locked, federal_credit, state_credit, credits_locked, credits_calculated_at, credits_locked_by, credits_locked_at) VALUES ('54806793-0353-4c7d-9dab-6a2c25fdd78d', '79439816-1ae5-4a9e-8d5d-28fae11a4d56', 2023, 0.00, 0.00, '2025-07-28 21:28:41.510121+00', '2025-07-28 21:28:41.510121+00', 'pending', NULL, NULL, false, NULL, NULL, NULL, false, NULL, NULL, 0.00, 0.00, 0.00, false, 0.00, 0.00, false, NULL, NULL, NULL);
INSERT INTO public.rd_business_years (id, business_id, year, gross_receipts, total_qre, created_at, updated_at, qc_status, qc_approved_by, qc_approved_at, payment_received, payment_received_at, qc_notes, payment_amount, documents_released, documents_released_at, documents_released_by, employee_qre, contractor_qre, supply_qre, qre_locked, federal_credit, state_credit, credits_locked, credits_calculated_at, credits_locked_by, credits_locked_at) VALUES ('bcd44ee1-3874-4bd4-bea9-b40a6c3ac10a', 'f7f6b107-cfe4-4a7c-8d26-caf41b381233', 2018, 1923206.00, 67274.00, '2025-07-24 21:47:23.894219+00', '2025-07-24 21:47:23.894219+00', 'pending', NULL, NULL, false, NULL, NULL, NULL, false, NULL, NULL, 0.00, 0.00, 0.00, false, 0.00, 0.00, false, NULL, NULL, NULL);
INSERT INTO public.rd_business_years (id, business_id, year, gross_receipts, total_qre, created_at, updated_at, qc_status, qc_approved_by, qc_approved_at, payment_received, payment_received_at, qc_notes, payment_amount, documents_released, documents_released_at, documents_released_by, employee_qre, contractor_qre, supply_qre, qre_locked, federal_credit, state_credit, credits_locked, credits_calculated_at, credits_locked_by, credits_locked_at) VALUES ('d0f4b3a3-08a2-43c1-82ec-66398fd258e2', 'f7f6b107-cfe4-4a7c-8d26-caf41b381233', 2022, 13830600.00, 480231.00, '2025-07-24 21:43:18.998135+00', '2025-07-25 19:38:08.193+00', 'pending', NULL, NULL, false, NULL, NULL, NULL, false, NULL, NULL, 480231.00, 0.00, 0.00, true, 0.00, 0.00, false, NULL, NULL, NULL);
INSERT INTO public.rd_business_years (id, business_id, year, gross_receipts, total_qre, created_at, updated_at, qc_status, qc_approved_by, qc_approved_at, payment_received, payment_received_at, qc_notes, payment_amount, documents_released, documents_released_at, documents_released_by, employee_qre, contractor_qre, supply_qre, qre_locked, federal_credit, state_credit, credits_locked, credits_calculated_at, credits_locked_by, credits_locked_at) VALUES ('6b60b649-98f8-4e91-9abd-5b35a6fb2411', '79439816-1ae5-4a9e-8d5d-28fae11a4d56', 2022, 0.00, 0.00, '2025-07-28 21:28:41.510121+00', '2025-07-28 21:28:41.510121+00', 'pending', NULL, NULL, false, NULL, NULL, NULL, false, NULL, NULL, 0.00, 0.00, 0.00, false, 0.00, 0.00, false, NULL, NULL, NULL);
INSERT INTO public.rd_business_years (id, business_id, year, gross_receipts, total_qre, created_at, updated_at, qc_status, qc_approved_by, qc_approved_at, payment_received, payment_received_at, qc_notes, payment_amount, documents_released, documents_released_at, documents_released_by, employee_qre, contractor_qre, supply_qre, qre_locked, federal_credit, state_credit, credits_locked, credits_calculated_at, credits_locked_by, credits_locked_at) VALUES ('56fbaa37-ac3a-4a3f-a36d-61d495fe43eb', '79439816-1ae5-4a9e-8d5d-28fae11a4d56', 2021, 0.00, 0.00, '2025-07-28 21:28:41.510121+00', '2025-07-28 21:28:41.510121+00', 'pending', NULL, NULL, false, NULL, NULL, NULL, false, NULL, NULL, 0.00, 0.00, 0.00, false, 0.00, 0.00, false, NULL, NULL, NULL);
INSERT INTO public.rd_business_years (id, business_id, year, gross_receipts, total_qre, created_at, updated_at, qc_status, qc_approved_by, qc_approved_at, payment_received, payment_received_at, qc_notes, payment_amount, documents_released, documents_released_at, documents_released_by, employee_qre, contractor_qre, supply_qre, qre_locked, federal_credit, state_credit, credits_locked, credits_calculated_at, credits_locked_by, credits_locked_at) VALUES ('60489f36-91fb-4217-a2cc-40cee2090a3c', '79439816-1ae5-4a9e-8d5d-28fae11a4d56', 2020, 0.00, 0.00, '2025-07-28 21:28:41.510121+00', '2025-07-28 21:28:41.510121+00', 'pending', NULL, NULL, false, NULL, NULL, NULL, false, NULL, NULL, 0.00, 0.00, 0.00, false, 0.00, 0.00, false, NULL, NULL, NULL);
INSERT INTO public.rd_business_years (id, business_id, year, gross_receipts, total_qre, created_at, updated_at, qc_status, qc_approved_by, qc_approved_at, payment_received, payment_received_at, qc_notes, payment_amount, documents_released, documents_released_at, documents_released_by, employee_qre, contractor_qre, supply_qre, qre_locked, federal_credit, state_credit, credits_locked, credits_calculated_at, credits_locked_by, credits_locked_at) VALUES ('ae491dca-b442-4053-9c22-3a1bdb173dfa', '79439816-1ae5-4a9e-8d5d-28fae11a4d56', 2019, 0.00, 0.00, '2025-07-28 21:28:41.510121+00', '2025-07-28 21:28:41.510121+00', 'pending', NULL, NULL, false, NULL, NULL, NULL, false, NULL, NULL, 0.00, 0.00, 0.00, false, 0.00, 0.00, false, NULL, NULL, NULL);
INSERT INTO public.rd_business_years (id, business_id, year, gross_receipts, total_qre, created_at, updated_at, qc_status, qc_approved_by, qc_approved_at, payment_received, payment_received_at, qc_notes, payment_amount, documents_released, documents_released_at, documents_released_by, employee_qre, contractor_qre, supply_qre, qre_locked, federal_credit, state_credit, credits_locked, credits_calculated_at, credits_locked_by, credits_locked_at) VALUES ('2f966a2f-75ac-401d-ac2f-7d3de035fd2d', '79439816-1ae5-4a9e-8d5d-28fae11a4d56', 2018, 0.00, 0.00, '2025-07-28 21:28:41.510121+00', '2025-07-28 21:28:41.510121+00', 'pending', NULL, NULL, false, NULL, NULL, NULL, false, NULL, NULL, 0.00, 0.00, 0.00, false, 0.00, 0.00, false, NULL, NULL, NULL);


--

-- Data for table: rd_focuses
-- Data for Name: rd_focuses; Type: TABLE DATA; Schema: public; Owner: postgres

--

INSERT INTO public.rd_focuses (id, name, area_id, created_at, updated_at, description) VALUES ('e680ad03-ae8b-4157-9c2b-dacd7fd373f7', 'Aesthetic Treatments', '0da500ca-2887-4328-a2ac-66fd4de5b666', '2025-06-28 20:46:50.493278+00', '2025-06-28 20:46:50.493278+00', NULL);
INSERT INTO public.rd_focuses (id, name, area_id, created_at, updated_at, description) VALUES ('8e50507a-296d-4bce-981d-24366d4811f5', 'Oncology', '0da500ca-2887-4328-a2ac-66fd4de5b666', '2025-06-28 20:46:50.493278+00', '2025-06-28 20:46:50.493278+00', NULL);
INSERT INTO public.rd_focuses (id, name, area_id, created_at, updated_at, description) VALUES ('7c9d7668-bb4d-456e-ba31-13a8ba1a9c93', 'Regenerative Medicine', '0da500ca-2887-4328-a2ac-66fd4de5b666', '2025-06-28 20:46:50.493278+00', '2025-06-28 20:46:50.493278+00', NULL);
INSERT INTO public.rd_focuses (id, name, area_id, created_at, updated_at, description) VALUES ('9f312624-94db-4809-8eac-aff3f66d75ed', 'Genetics', '0da500ca-2887-4328-a2ac-66fd4de5b666', '2025-06-28 20:46:50.493278+00', '2025-06-28 20:46:50.493278+00', NULL);
INSERT INTO public.rd_focuses (id, name, area_id, created_at, updated_at, description) VALUES ('2e4f70b3-eb1e-4dae-a07f-fb971f4e1280', 'Weight Management', '0da500ca-2887-4328-a2ac-66fd4de5b666', '2025-06-28 20:46:50.493278+00', '2025-06-28 20:46:50.493278+00', NULL);
INSERT INTO public.rd_focuses (id, name, area_id, created_at, updated_at, description) VALUES ('a1ff95c7-479b-4902-ba0c-d92ad69c31a4', 'Periodontics', '75285a38-e53c-42cc-996d-fae4002ce310', '2025-06-28 20:46:50.493278+00', '2025-06-28 20:46:50.493278+00', NULL);
INSERT INTO public.rd_focuses (id, name, area_id, created_at, updated_at, description) VALUES ('bb5685ef-4ef0-4bab-a3fe-5b05255fd342', 'Airway', '75285a38-e53c-42cc-996d-fae4002ce310', '2025-06-28 20:46:50.493278+00', '2025-06-28 20:46:50.493278+00', NULL);
INSERT INTO public.rd_focuses (id, name, area_id, created_at, updated_at, description) VALUES ('abae5148-0db1-463c-9d56-a826c7082f1a', 'Urology', '75285a38-e53c-42cc-996d-fae4002ce310', '2025-06-28 20:46:50.493278+00', '2025-06-28 20:46:50.493278+00', NULL);
INSERT INTO public.rd_focuses (id, name, area_id, created_at, updated_at, description) VALUES ('e45bfd56-0f81-4153-bf4c-2418ab67c379', 'Pediatric Dentistry', '75285a38-e53c-42cc-996d-fae4002ce310', '2025-06-28 20:46:50.493278+00', '2025-06-28 20:46:50.493278+00', NULL);
INSERT INTO public.rd_focuses (id, name, area_id, created_at, updated_at, description) VALUES ('b54bf7ef-e87c-4b1f-957a-8686aabe3e80', 'Orthodontics', '75285a38-e53c-42cc-996d-fae4002ce310', '2025-06-28 20:46:50.493278+00', '2025-06-28 20:46:50.493278+00', NULL);
INSERT INTO public.rd_focuses (id, name, area_id, created_at, updated_at, description) VALUES ('f820fea1-8073-48c2-972a-3d0cc2d87682', 'Pedodontics', '75285a38-e53c-42cc-996d-fae4002ce310', '2025-06-28 20:46:50.493278+00', '2025-06-28 20:46:50.493278+00', NULL);
INSERT INTO public.rd_focuses (id, name, area_id, created_at, updated_at, description) VALUES ('59c1e483-d5d0-4e9e-ba62-748731e0c7d1', 'Dental Inhouse Lab', '75285a38-e53c-42cc-996d-fae4002ce310', '2025-06-28 20:46:50.493278+00', '2025-06-28 20:46:50.493278+00', NULL);
INSERT INTO public.rd_focuses (id, name, area_id, created_at, updated_at, description) VALUES ('de02a066-9228-4297-9feb-a3a870b4ca6e', 'Oral Surgery', '75285a38-e53c-42cc-996d-fae4002ce310', '2025-06-28 20:46:50.493278+00', '2025-06-28 20:46:50.493278+00', NULL);
INSERT INTO public.rd_focuses (id, name, area_id, created_at, updated_at, description) VALUES ('88c0f3a5-e69b-46f5-a768-364c29c975a9', 'General Dentistry', '75285a38-e53c-42cc-996d-fae4002ce310', '2025-06-28 20:46:50.493278+00', '2025-06-28 20:46:50.493278+00', NULL);
INSERT INTO public.rd_focuses (id, name, area_id, created_at, updated_at, description) VALUES ('4eb75c6b-f46e-4b1a-99d8-be5c9d8f0be4', 'Endodontics', '75285a38-e53c-42cc-996d-fae4002ce310', '2025-06-28 20:46:50.493278+00', '2025-06-28 20:46:50.493278+00', NULL);
INSERT INTO public.rd_focuses (id, name, area_id, created_at, updated_at, description) VALUES ('96b2b9b4-08b0-42e6-8ab8-73f5f7d161de', 'Laser Dentistry', '75285a38-e53c-42cc-996d-fae4002ce310', '2025-06-28 20:46:50.493278+00', '2025-06-28 20:46:50.493278+00', NULL);
INSERT INTO public.rd_focuses (id, name, area_id, created_at, updated_at, description) VALUES ('9dcec08f-a476-457a-9c81-d43377d18622', 'Aesthetic Surgery', 'c4130f8f-2c84-49cf-9965-2c28b90f20a2', '2025-06-28 20:46:50.493278+00', '2025-06-28 20:46:50.493278+00', NULL);
INSERT INTO public.rd_focuses (id, name, area_id, created_at, updated_at, description) VALUES ('b16c81e4-47b0-4809-ba86-eb7b5afc1646', 'Chiropractic', 'c4130f8f-2c84-49cf-9965-2c28b90f20a2', '2025-06-28 20:46:50.493278+00', '2025-06-28 20:46:50.493278+00', NULL);
INSERT INTO public.rd_focuses (id, name, area_id, created_at, updated_at, description) VALUES ('1d7b1127-9fcb-46ba-bf90-fef06cdc6dad', 'Reproductive Health', 'c4130f8f-2c84-49cf-9965-2c28b90f20a2', '2025-06-28 20:46:50.493278+00', '2025-06-28 20:46:50.493278+00', NULL);
INSERT INTO public.rd_focuses (id, name, area_id, created_at, updated_at, description) VALUES ('e9e51be4-76fd-49b7-8518-f2b3a3fc4dd9', 'Health & Wellness', 'c4130f8f-2c84-49cf-9965-2c28b90f20a2', '2025-06-28 20:46:50.493278+00', '2025-06-28 20:46:50.493278+00', NULL);
INSERT INTO public.rd_focuses (id, name, area_id, created_at, updated_at, description) VALUES ('796b8752-6ef2-4813-8f1b-f9aaad34efe0', 'Weight Management', 'c4130f8f-2c84-49cf-9965-2c28b90f20a2', '2025-06-28 20:46:50.493278+00', '2025-06-28 20:46:50.493278+00', NULL);
INSERT INTO public.rd_focuses (id, name, area_id, created_at, updated_at, description) VALUES ('a6e185a2-87fe-433b-ad44-47632cabac41', 'Regenerative Medicine', 'c4130f8f-2c84-49cf-9965-2c28b90f20a2', '2025-06-28 20:46:50.493278+00', '2025-06-28 20:46:50.493278+00', NULL);
INSERT INTO public.rd_focuses (id, name, area_id, created_at, updated_at, description) VALUES ('7d78e8cb-8948-44a8-9f58-f565000bf87a', 'Airway', 'c4130f8f-2c84-49cf-9965-2c28b90f20a2', '2025-06-28 20:46:50.493278+00', '2025-06-28 20:46:50.493278+00', NULL);
INSERT INTO public.rd_focuses (id, name, area_id, created_at, updated_at, description) VALUES ('1b724972-1621-4e73-ae9c-8ad9a22a761b', 'Dermatology', 'c4130f8f-2c84-49cf-9965-2c28b90f20a2', '2025-06-28 20:46:50.493278+00', '2025-06-28 20:46:50.493278+00', NULL);
INSERT INTO public.rd_focuses (id, name, area_id, created_at, updated_at, description) VALUES ('ad43e275-742b-4e2d-86ca-f0c4ed6faeaa', 'General Practice', 'c4130f8f-2c84-49cf-9965-2c28b90f20a2', '2025-06-28 20:46:50.493278+00', '2025-06-28 20:46:50.493278+00', NULL);
INSERT INTO public.rd_focuses (id, name, area_id, created_at, updated_at, description) VALUES ('b1239b99-5638-4bfa-9207-6da38862c7fc', 'Oncology', 'c4130f8f-2c84-49cf-9965-2c28b90f20a2', '2025-06-28 20:46:50.493278+00', '2025-06-28 20:46:50.493278+00', NULL);
INSERT INTO public.rd_focuses (id, name, area_id, created_at, updated_at, description) VALUES ('fcbee031-0765-4e41-b8f8-29710cf40243', 'Gastroenterology', 'c4130f8f-2c84-49cf-9965-2c28b90f20a2', '2025-06-28 20:46:50.493278+00', '2025-06-28 20:46:50.493278+00', NULL);
INSERT INTO public.rd_focuses (id, name, area_id, created_at, updated_at, description) VALUES ('c608a054-71f3-49ad-989b-4f77ad3a8970', 'Urology', 'c4130f8f-2c84-49cf-9965-2c28b90f20a2', '2025-06-28 20:46:50.493278+00', '2025-06-28 20:46:50.493278+00', NULL);
INSERT INTO public.rd_focuses (id, name, area_id, created_at, updated_at, description) VALUES ('28922daf-12f5-4ddb-841d-b87021d722e5', 'Ophthalmology/Optometry', 'c4130f8f-2c84-49cf-9965-2c28b90f20a2', '2025-06-28 20:46:50.493278+00', '2025-06-28 20:46:50.493278+00', NULL);
INSERT INTO public.rd_focuses (id, name, area_id, created_at, updated_at, description) VALUES ('fb381534-3282-45ba-889f-226541ed0673', 'Cardiology', 'c4130f8f-2c84-49cf-9965-2c28b90f20a2', '2025-06-28 20:46:50.493278+00', '2025-06-28 20:46:50.493278+00', NULL);
INSERT INTO public.rd_focuses (id, name, area_id, created_at, updated_at, description) VALUES ('91c0c545-72f4-4a10-814b-b434dbb92c60', 'Physical Therapy', 'c4130f8f-2c84-49cf-9965-2c28b90f20a2', '2025-06-28 20:46:50.493278+00', '2025-06-28 20:46:50.493278+00', NULL);
INSERT INTO public.rd_focuses (id, name, area_id, created_at, updated_at, description) VALUES ('0ab8223f-ba78-49d3-966e-a4ad48f23a73', 'Genetics', 'c4130f8f-2c84-49cf-9965-2c28b90f20a2', '2025-06-28 20:46:50.493278+00', '2025-06-28 20:46:50.493278+00', NULL);
INSERT INTO public.rd_focuses (id, name, area_id, created_at, updated_at, description) VALUES ('214ac388-9d6c-45eb-97dc-fb9d38ed6bee', 'Aesthetic Treatments', 'c4130f8f-2c84-49cf-9965-2c28b90f20a2', '2025-06-28 20:46:50.493278+00', '2025-06-28 20:46:50.493278+00', NULL);
INSERT INTO public.rd_focuses (id, name, area_id, created_at, updated_at, description) VALUES ('b37f8c93-2a41-457d-9935-0af9825fe7ca', 'Endoscopy', 'c4130f8f-2c84-49cf-9965-2c28b90f20a2', '2025-06-28 20:46:50.493278+00', '2025-06-28 20:46:50.493278+00', NULL);
INSERT INTO public.rd_focuses (id, name, area_id, created_at, updated_at, description) VALUES ('540a5cc6-1748-46a3-8309-4461177af02a', 'Pain Management', 'c4130f8f-2c84-49cf-9965-2c28b90f20a2', '2025-06-28 20:46:50.493278+00', '2025-06-28 20:46:50.493278+00', NULL);
INSERT INTO public.rd_focuses (id, name, area_id, created_at, updated_at, description) VALUES ('f88506f2-a402-402f-b58b-b33300ce05a4', 'Full Lifecycle', '5e558bc6-1176-4000-8f7b-83980dd1bc9f', '2025-07-24 20:14:53.400201+00', '2025-07-24 20:14:53.400201+00', '');


--

-- Re-enable triggers
SET session_replication_role = DEFAULT;

COMMIT;
